lake_id,species_id
55,1
59,1
65,1
66,1
72,1
106,1
122,1
147,1
156,1
171,1
174,1
201,1
212,1
324,1
1462,1
1529,1
1614,1
1615,1
1662,1
1,2
13,2
16,2
17,2
19,2
20,2
23,2
27,2
30,2
32,2
36,2
38,2
39,2
40,2
41,2
49,2
56,2
59,2
61,2
62,2
63,2
64,2
65,2
66,2
70,2
74,2
75,2
81,2
83,2
89,2
90,2
95,2
97,2
98,2
124,2
131,2
133,2
137,2
142,2
146,2
149,2
152,2
154,2
158,2
161,2
167,2
175,2
176,2
192,2
193,2
202,2
214,2
215,2
218,2
227,2
229,2
232,2
236,2
239,2
242,2
246,2
247,2
248,2
253,2
258,2
260,2
261,2
262,2
265,2
266,2
267,2
268,2
269,2
270,2
271,2
272,2
274,2
275,2
276,2
277,2
278,2
279,2
280,2
281,2
282,2
286,2
288,2
289,2
290,2
292,2
293,2
294,2
296,2
297,2
299,2
302,2
303,2
305,2
307,2
308,2
309,2
310,2
311,2
312,2
313,2
314,2
315,2
316,2
317,2
318,2
319,2
320,2
321,2
324,2
325,2
332,2
334,2
335,2
336,2
337,2
340,2
341,2
342,2
345,2
347,2
348,2
349,2
350,2
352,2
353,2
358,2
359,2
360,2
361,2
362,2
364,2
367,2
372,2
373,2
374,2
375,2
376,2
377,2
379,2
380,2
381,2
383,2
385,2
386,2
387,2
388,2
389,2
390,2
391,2
392,2
394,2
396,2
397,2
398,2
399,2
403,2
404,2
406,2
407,2
408,2
409,2
410,2
411,2
414,2
416,2
417,2
418,2
419,2
422,2
423,2
425,2
426,2
428,2
429,2
431,2
434,2
438,2
445,2
460,2
474,2
489,2
493,2
494,2
498,2
504,2
522,2
523,2
526,2
534,2
546,2
573,2
576,2
588,2
623,2
631,2
647,2
671,2
677,2
685,2
691,2
694,2
697,2
702,2
705,2
708,2
711,2
719,2
721,2
722,2
728,2
734,2
735,2
736,2
740,2
741,2
748,2
749,2
761,2
764,2
767,2
769,2
771,2
775,2
779,2
788,2
798,2
800,2
801,2
804,2
824,2
825,2
826,2
827,2
828,2
829,2
830,2
831,2
832,2
833,2
834,2
835,2
836,2
837,2
838,2
839,2
852,2
855,2
856,2
867,2
874,2
883,2
885,2
889,2
890,2
900,2
912,2
919,2
923,2
931,2
943,2
954,2
955,2
966,2
967,2
970,2
971,2
977,2
979,2
991,2
992,2
993,2
997,2
999,2
1005,2
1013,2
1015,2
1017,2
1018,2
1020,2
1022,2
1035,2
1037,2
1038,2
1044,2
1047,2
1062,2
1065,2
1069,2
1074,2
1084,2
1087,2
1090,2
1096,2
1106,2
1115,2
1116,2
1119,2
1121,2
1127,2
1128,2
1131,2
1134,2
1136,2
1144,2
1151,2
1153,2
1172,2
1173,2
1180,2
1184,2
1185,2
1210,2
1212,2
1213,2
1215,2
1221,2
1222,2
1223,2
1227,2
1230,2
1258,2
1277,2
1284,2
1290,2
1309,2
1311,2
1312,2
1321,2
1376,2
1377,2
1378,2
1384,2
1385,2
1386,2
1388,2
1390,2
1392,2
1400,2
1409,2
1413,2
1420,2
1445,2
1453,2
1456,2
1459,2
1460,2
1461,2
1462,2
1467,2
1468,2
1471,2
1473,2
1479,2
1481,2
1482,2
1483,2
1484,2
1487,2
1491,2
1495,2
1501,2
1503,2
1504,2
1506,2
1513,2
1515,2
1519,2
1521,2
1522,2
1523,2
1529,2
1530,2
1535,2
1546,2
1550,2
1551,2
1552,2
1554,2
1555,2
1556,2
1558,2
1559,2
1560,2
1563,2
1566,2
1568,2
1570,2
1571,2
1648,2
1,3
2,3
6,3
8,3
10,3
14,3
16,3
27,3
29,3
30,3
31,3
32,3
34,3
38,3
40,3
41,3
48,3
52,3
55,3
58,3
59,3
63,3
66,3
75,3
77,3
84,3
90,3
91,3
92,3
98,3
103,3
126,3
132,3
133,3
141,3
142,3
145,3
146,3
165,3
169,3
177,3
178,3
188,3
189,3
190,3
192,3
193,3
194,3
196,3
199,3
202,3
203,3
215,3
225,3
228,3
234,3
239,3
242,3
243,3
245,3
246,3
248,3
249,3
250,3
251,3
253,3
254,3
258,3
260,3
261,3
262,3
264,3
267,3
268,3
271,3
274,3
275,3
276,3
277,3
278,3
279,3
280,3
281,3
282,3
284,3
285,3
286,3
288,3
289,3
290,3
291,3
292,3
294,3
295,3
296,3
297,3
299,3
300,3
301,3
302,3
305,3
307,3
310,3
311,3
313,3
314,3
316,3
317,3
318,3
319,3
320,3
321,3
322,3
324,3
325,3
327,3
328,3
331,3
332,3
334,3
335,3
337,3
340,3
341,3
344,3
345,3
346,3
347,3
352,3
353,3
354,3
358,3
359,3
361,3
362,3
365,3
366,3
367,3
372,3
373,3
375,3
376,3
377,3
379,3
380,3
381,3
382,3
383,3
385,3
386,3
387,3
388,3
389,3
390,3
391,3
392,3
395,3
396,3
397,3
398,3
400,3
403,3
404,3
405,3
406,3
407,3
408,3
410,3
414,3
415,3
416,3
417,3
418,3
419,3
421,3
422,3
424,3
425,3
427,3
428,3
429,3
431,3
432,3
434,3
435,3
436,3
441,3
444,3
445,3
457,3
460,3
468,3
469,3
470,3
471,3
472,3
474,3
477,3
478,3
480,3
486,3
489,3
492,3
493,3
494,3
495,3
496,3
497,3
498,3
504,3
510,3
522,3
523,3
524,3
525,3
534,3
544,3
546,3
552,3
559,3
565,3
566,3
568,3
570,3
572,3
573,3
575,3
577,3
579,3
583,3
584,3
589,3
590,3
595,3
604,3
610,3
611,3
612,3
613,3
614,3
617,3
628,3
633,3
634,3
636,3
637,3
642,3
643,3
644,3
654,3
656,3
669,3
670,3
671,3
673,3
676,3
678,3
679,3
682,3
683,3
685,3
686,3
687,3
688,3
690,3
692,3
693,3
694,3
698,3
699,3
700,3
701,3
704,3
705,3
706,3
707,3
711,3
712,3
713,3
714,3
715,3
716,3
719,3
720,3
721,3
722,3
723,3
724,3
725,3
726,3
728,3
729,3
730,3
731,3
732,3
733,3
736,3
740,3
741,3
742,3
745,3
746,3
748,3
750,3
759,3
760,3
761,3
762,3
763,3
764,3
765,3
766,3
767,3
768,3
769,3
770,3
771,3
772,3
773,3
774,3
776,3
777,3
778,3
779,3
784,3
787,3
788,3
789,3
791,3
792,3
794,3
795,3
796,3
797,3
798,3
799,3
800,3
801,3
802,3
803,3
804,3
807,3
808,3
812,3
813,3
816,3
818,3
820,3
822,3
823,3
824,3
825,3
826,3
827,3
828,3
831,3
832,3
833,3
834,3
835,3
836,3
837,3
838,3
842,3
843,3
845,3
846,3
851,3
852,3
853,3
856,3
857,3
858,3
860,3
861,3
862,3
863,3
866,3
867,3
871,3
872,3
875,3
876,3
877,3
880,3
882,3
883,3
886,3
887,3
889,3
890,3
891,3
893,3
894,3
895,3
898,3
899,3
900,3
902,3
903,3
904,3
906,3
907,3
910,3
912,3
915,3
916,3
917,3
918,3
919,3
920,3
921,3
923,3
924,3
925,3
927,3
928,3
931,3
932,3
934,3
935,3
936,3
937,3
938,3
939,3
940,3
942,3
943,3
944,3
945,3
946,3
947,3
948,3
949,3
950,3
951,3
954,3
955,3
963,3
964,3
965,3
966,3
969,3
970,3
974,3
975,3
977,3
978,3
979,3
980,3
982,3
983,3
985,3
986,3
987,3
988,3
992,3
995,3
997,3
998,3
999,3
1000,3
1001,3
1002,3
1004,3
1005,3
1006,3
1007,3
1008,3
1010,3
1011,3
1012,3
1013,3
1014,3
1015,3
1016,3
1017,3
1018,3
1019,3
1020,3
1021,3
1022,3
1023,3
1024,3
1025,3
1026,3
1027,3
1028,3
1029,3
1030,3
1031,3
1033,3
1034,3
1035,3
1036,3
1037,3
1038,3
1039,3
1041,3
1042,3
1043,3
1044,3
1045,3
1047,3
1049,3
1050,3
1051,3
1053,3
1055,3
1057,3
1060,3
1062,3
1063,3
1065,3
1066,3
1068,3
1069,3
1071,3
1072,3
1074,3
1075,3
1076,3
1079,3
1081,3
1082,3
1084,3
1085,3
1086,3
1087,3
1088,3
1089,3
1090,3
1092,3
1093,3
1095,3
1096,3
1098,3
1102,3
1103,3
1104,3
1106,3
1107,3
1110,3
1111,3
1114,3
1116,3
1117,3
1118,3
1119,3
1120,3
1121,3
1122,3
1124,3
1126,3
1127,3
1131,3
1132,3
1134,3
1135,3
1137,3
1138,3
1142,3
1144,3
1146,3
1147,3
1149,3
1150,3
1151,3
1152,3
1153,3
1155,3
1160,3
1162,3
1164,3
1165,3
1166,3
1168,3
1170,3
1173,3
1175,3
1177,3
1180,3
1181,3
1182,3
1184,3
1185,3
1188,3
1189,3
1194,3
1198,3
1199,3
1203,3
1209,3
1210,3
1212,3
1213,3
1214,3
1215,3
1216,3
1217,3
1219,3
1220,3
1222,3
1223,3
1226,3
1227,3
1228,3
1230,3
1233,3
1234,3
1235,3
1237,3
1238,3
1239,3
1240,3
1242,3
1243,3
1244,3
1246,3
1247,3
1251,3
1254,3
1255,3
1256,3
1257,3
1258,3
1259,3
1261,3
1262,3
1263,3
1264,3
1268,3
1269,3
1271,3
1272,3
1273,3
1274,3
1275,3
1276,3
1277,3
1280,3
1281,3
1282,3
1283,3
1284,3
1286,3
1288,3
1290,3
1291,3
1292,3
1293,3
1294,3
1295,3
1296,3
1297,3
1299,3
1300,3
1302,3
1303,3
1304,3
1307,3
1308,3
1309,3
1310,3
1311,3
1312,3
1313,3
1315,3
1316,3
1317,3
1320,3
1321,3
1322,3
1323,3
1324,3
1325,3
1326,3
1327,3
1328,3
1329,3
1330,3
1331,3
1333,3
1335,3
1336,3
1338,3
1340,3
1341,3
1342,3
1343,3
1344,3
1345,3
1347,3
1348,3
1349,3
1350,3
1351,3
1352,3
1353,3
1354,3
1355,3
1356,3
1357,3
1359,3
1360,3
1362,3
1365,3
1366,3
1369,3
1370,3
1371,3
1372,3
1373,3
1374,3
1375,3
1376,3
1377,3
1379,3
1381,3
1382,3
1383,3
1384,3
1385,3
1389,3
1390,3
1391,3
1392,3
1399,3
1400,3
1401,3
1402,3
1403,3
1404,3
1405,3
1406,3
1408,3
1409,3
1410,3
1411,3
1412,3
1429,3
1434,3
1445,3
1453,3
1461,3
1462,3
1467,3
1468,3
1471,3
1473,3
1477,3
1479,3
1480,3
1481,3
1482,3
1487,3
1491,3
1493,3
1495,3
1496,3
1501,3
1503,3
1506,3
1513,3
1515,3
1521,3
1522,3
1523,3
1526,3
1529,3
1530,3
1535,3
1543,3
1550,3
1551,3
1554,3
1555,3
1556,3
1560,3
1561,3
1563,3
1566,3
1568,3
1570,3
1587,3
1588,3
1592,3
1596,3
1627,3
1658,3
587,4
589,4
595,4
389,5
438,5
439,5
535,5
541,5
546,5
552,5
555,5
556,5
573,5
576,5
580,5
588,5
594,5
616,5
617,5
621,5
631,5
657,5
664,5
680,5
681,5
689,5
707,5
709,5
716,5
717,5
768,5
785,5
1298,5
1393,5
1573,5
1579,5
1585,5
1605,5
1607,5
1622,5
1625,5
1630,5
1646,5
709,6
1633,6
1,7
2,7
13,7
29,7
31,7
34,7
38,7
40,7
41,7
48,7
52,7
55,7
61,7
66,7
70,7
74,7
170,7
201,7
235,7
243,7
246,7
247,7
260,7
261,7
262,7
271,7
280,7
290,7
291,7
292,7
296,7
300,7
301,7
313,7
316,7
322,7
329,7
331,7
335,7
342,7
347,7
373,7
379,7
380,7
381,7
382,7
383,7
390,7
392,7
395,7
397,7
398,7
405,7
410,7
411,7
418,7
419,7
421,7
423,7
424,7
425,7
426,7
428,7
431,7
432,7
434,7
445,7
460,7
492,7
671,7
764,7
804,7
806,7
807,7
820,7
828,7
837,7
843,7
846,7
856,7
885,7
889,7
900,7
903,7
913,7
920,7
938,7
943,7
952,7
954,7
963,7
989,7
990,7
992,7
993,7
1005,7
1011,7
1012,7
1015,7
1016,7
1044,7
1074,7
1090,7
1101,7
1116,7
1117,7
1118,7
1119,7
1128,7
1153,7
1178,7
1185,7
1199,7
1200,7
1213,7
1215,7
1221,7
1236,7
1240,7
1258,7
1281,7
1289,7
1296,7
1390,7
1423,7
1424,7
1425,7
1431,7
1453,7
1461,7
1465,7
1471,7
1477,7
1487,7
1501,7
1503,7
1506,7
1514,7
1516,7
1525,7
1537,7
1549,7
1555,7
1556,7
9,8
14,8
65,8
80,8
91,8
92,8
101,8
103,8
124,8
126,8
132,8
133,8
136,8
150,8
161,8
169,8
196,8
202,8
203,8
209,8
222,8
232,8
253,8
269,8
280,8
284,8
290,8
332,8
335,8
340,8
353,8
356,8
359,8
387,8
389,8
406,8
417,8
422,8
434,8
445,8
460,8
470,8
471,8
472,8
480,8
496,8
524,8
525,8
707,8
730,8
806,8
807,8
820,8
843,8
846,8
856,8
889,8
902,8
903,8
906,8
913,8
920,8
963,8
986,8
989,8
990,8
993,8
1074,8
1116,8
1118,8
1153,8
1155,8
1184,8
1283,8
1429,8
1430,8
1432,8
1438,8
1447,8
1460,8
1464,8
1474,8
1482,8
1486,8
1492,8
1494,8
1507,8
1523,8
1527,8
1529,8
1530,8
1539,8
1547,8
1552,8
1554,8
1561,8
1,9
2,9
38,9
59,9
66,9
142,9
157,9
174,9
259,9
335,9
398,9
820,9
846,9
847,9
849,9
1184,9
1213,9
1354,9
1360,9
1362,9
1415,9
1429,9
1468,9
1480,9
1482,9
1493,9
1522,9
1551,9
1553,9
1561,9
5,10
6,10
8,10
9,10
11,10
13,10
16,10
17,10
18,10
21,10
23,10
26,10
27,10
29,10
31,10
32,10
38,10
39,10
46,10
49,10
52,10
61,10
62,10
63,10
64,10
70,10
74,10
94,10
98,10
132,10
134,10
140,10
166,10
179,10
182,10
192,10
225,10
228,10
248,10
249,10
253,10
254,10
255,10
257,10
264,10
267,10
269,10
270,10
275,10
276,10
278,10
279,10
280,10
281,10
285,10
286,10
287,10
288,10
290,10
292,10
296,10
301,10
303,10
304,10
305,10
307,10
308,10
309,10
313,10
314,10
315,10
316,10
318,10
320,10
324,10
325,10
329,10
333,10
334,10
335,10
337,10
339,10
340,10
341,10
342,10
343,10
344,10
349,10
350,10
353,10
359,10
360,10
362,10
363,10
364,10
365,10
366,10
374,10
375,10
376,10
377,10
379,10
380,10
381,10
382,10
383,10
385,10
386,10
387,10
389,10
390,10
393,10
395,10
399,10
402,10
406,10
407,10
409,10
416,10
417,10
421,10
431,10
438,10
439,10
493,10
530,10
538,10
539,10
546,10
547,10
549,10
552,10
558,10
562,10
564,10
570,10
575,10
577,10
579,10
588,10
591,10
593,10
599,10
600,10
601,10
607,10
610,10
611,10
614,10
617,10
618,10
627,10
628,10
629,10
630,10
633,10
634,10
637,10
639,10
641,10
649,10
651,10
661,10
664,10
667,10
675,10
677,10
707,10
720,10
730,10
732,10
740,10
742,10
744,10
745,10
747,10
769,10
775,10
776,10
777,10
786,10
792,10
798,10
800,10
803,10
805,10
811,10
812,10
818,10
820,10
823,10
824,10
825,10
826,10
836,10
842,10
852,10
856,10
860,10
861,10
865,10
867,10
876,10
877,10
887,10
889,10
891,10
897,10
900,10
902,10
908,10
913,10
918,10
920,10
924,10
925,10
927,10
941,10
943,10
949,10
954,10
955,10
966,10
978,10
985,10
988,10
989,10
992,10
993,10
996,10
997,10
999,10
1005,10
1007,10
1015,10
1018,10
1019,10
1029,10
1030,10
1031,10
1037,10
1039,10
1047,10
1049,10
1051,10
1055,10
1060,10
1062,10
1064,10
1074,10
1079,10
1081,10
1084,10
1086,10
1087,10
1091,10
1095,10
1096,10
1098,10
1100,10
1102,10
1106,10
1114,10
1116,10
1118,10
1119,10
1121,10
1124,10
1127,10
1129,10
1130,10
1131,10
1138,10
1143,10
1144,10
1146,10
1147,10
1155,10
1156,10
1159,10
1165,10
1170,10
1172,10
1180,10
1184,10
1185,10
1187,10
1191,10
1196,10
1199,10
1201,10
1203,10
1210,10
1212,10
1213,10
1219,10
1223,10
1236,10
1240,10
1243,10
1246,10
1257,10
1258,10
1259,10
1269,10
1271,10
1274,10
1276,10
1277,10
1281,10
1283,10
1284,10
1290,10
1303,10
1309,10
1315,10
1380,10
1381,10
1384,10
1401,10
1404,10
1407,10
1412,10
1413,10
1415,10
1417,10
1418,10
1420,10
1424,10
1425,10
1429,10
1430,10
1432,10
1433,10
1438,10
1445,10
1446,10
1448,10
1449,10
1453,10
1456,10
1459,10
1461,10
1462,10
1464,10
1466,10
1471,10
1472,10
1473,10
1474,10
1477,10
1478,10
1481,10
1482,10
1484,10
1486,10
1487,10
1491,10
1492,10
1495,10
1496,10
1497,10
1498,10
1504,10
1506,10
1507,10
1513,10
1514,10
1516,10
1519,10
1521,10
1523,10
1525,10
1527,10
1529,10
1530,10
1537,10
1538,10
1539,10
1546,10
1547,10
1548,10
1549,10
1550,10
1551,10
1552,10
1554,10
1555,10
1556,10
1560,10
1561,10
1563,10
1568,10
1569,10
1570,10
1571,10
1590,10
1597,10
1624,10
1627,10
1631,10
1633,10
1646,10
1648,10
1654,10
1659,10
530,11
532,11
544,11
610,11
611,11
626,11
631,11
1613,11
75,12
76,12
97,12
98,12
106,12
110,12
111,12
112,12
114,12
121,12
127,12
135,12
145,12
150,12
153,12
158,12
165,12
171,12
172,12
174,12
177,12
181,12
183,12
184,12
188,12
190,12
194,12
212,12
214,12
217,12
223,12
224,12
225,12
226,12
227,12
229,12
230,12
233,12
240,12
241,12
242,12
299,12
333,12
375,12
410,12
412,12
413,12
414,12
433,12
438,12
439,12
440,12
443,12
465,12
466,12
474,12
489,12
491,12
499,12
507,12
508,12
511,12
518,12
521,12
527,12
528,12
529,12
533,12
535,12
537,12
540,12
541,12
546,12
547,12
548,12
549,12
550,12
551,12
552,12
555,12
558,12
559,12
562,12
563,12
564,12
565,12
566,12
567,12
568,12
569,12
570,12
572,12
576,12
577,12
578,12
579,12
580,12
582,12
583,12
585,12
586,12
588,12
589,12
590,12
591,12
592,12
593,12
594,12
596,12
598,12
599,12
600,12
601,12
602,12
603,12
604,12
605,12
606,12
608,12
609,12
610,12
611,12
612,12
613,12
614,12
616,12
617,12
618,12
620,12
625,12
626,12
627,12
629,12
632,12
637,12
638,12
639,12
640,12
641,12
643,12
644,12
648,12
649,12
650,12
651,12
652,12
653,12
654,12
655,12
656,12
657,12
658,12
659,12
660,12
661,12
662,12
663,12
666,12
667,12
670,12
672,12
673,12
674,12
676,12
678,12
679,12
680,12
681,12
682,12
683,12
686,12
689,12
690,12
692,12
693,12
694,12
695,12
696,12
698,12
699,12
700,12
701,12
702,12
703,12
704,12
705,12
707,12
708,12
709,12
710,12
711,12
713,12
714,12
715,12
716,12
717,12
718,12
720,12
724,12
726,12
735,12
736,12
738,12
739,12
740,12
741,12
742,12
743,12
744,12
745,12
747,12
748,12
751,12
755,12
756,12
758,12
759,12
760,12
761,12
762,12
763,12
765,12
770,12
772,12
773,12
774,12
776,12
777,12
778,12
779,12
780,12
781,12
783,12
784,12
785,12
786,12
789,12
790,12
792,12
796,12
799,12
800,12
802,12
803,12
851,12
853,12
860,12
862,12
867,12
871,12
872,12
875,12
882,12
886,12
895,12
899,12
916,12
919,12
925,12
928,12
939,12
940,12
948,12
951,12
966,12
977,12
978,12
982,12
987,12
988,12
998,12
1000,12
1050,12
1065,12
1066,12
1069,12
1075,12
1079,12
1085,12
1089,12
1092,12
1103,12
1104,12
1114,12
1126,12
1128,12
1132,12
1137,12
1150,12
1164,12
1168,12
1169,12
1170,12
1175,12
1182,12
1189,12
1228,12
1234,12
1235,12
1237,12
1238,12
1239,12
1242,12
1256,12
1262,12
1264,12
1286,12
1291,12
1298,12
1299,12
1301,12
1306,12
1307,12
1308,12
1309,12
1313,12
1316,12
1319,12
1322,12
1323,12
1324,12
1325,12
1326,12
1330,12
1331,12
1332,12
1335,12
1340,12
1355,12
1356,12
1357,12
1368,12
1369,12
1370,12
1371,12
1372,12
1373,12
1374,12
1379,12
1380,12
1382,12
1384,12
1389,12
1393,12
1401,12
1403,12
1407,12
1408,12
1413,12
1435,12
1453,12
1456,12
1477,12
1503,12
1521,12
1535,12
1550,12
1570,12
1572,12
1574,12
1577,12
1579,12
1580,12
1581,12
1582,12
1583,12
1584,12
1586,12
1587,12
1588,12
1589,12
1590,12
1591,12
1592,12
1593,12
1595,12
1596,12
1597,12
1598,12
1599,12
1600,12
1602,12
1605,12
1606,12
1607,12
1608,12
1610,12
1611,12
1612,12
1614,12
1616,12
1617,12
1618,12
1619,12
1620,12
1621,12
1622,12
1623,12
1625,12
1626,12
1627,12
1628,12
1629,12
1630,12
1631,12
1632,12
1633,12
1634,12
1635,12
1637,12
1638,12
1639,12
1640,12
1641,12
1642,12
1643,12
1644,12
1645,12
1646,12
1647,12
1649,12
1651,12
1653,12
1655,12
1656,12
1657,12
1658,12
1659,12
1660,12
1661,12
1663,12
1665,12
554,13
575,13
584,13
127,14
131,14
142,14
165,14
177,14
179,14
194,14
200,14
236,14
361,14
406,14
411,14
428,14
431,14
478,14
495,14
497,14
511,14
795,14
796,14
803,14
845,14
846,14
853,14
858,14
861,14
871,14
878,14
898,14
899,14
916,14
919,14
921,14
931,14
983,14
986,14
998,14
1000,14
1050,14
1068,14
1085,14
1089,14
1126,14
1131,14
1146,14
1147,14
1153,14
1161,14
1168,14
1169,14
1176,14
1182,14
1208,14
1216,14
1218,14
1251,14
1252,14
1253,14
1660,14
417,15
435,15
473,15
475,15
476,15
486,15
491,15
495,15
497,15
502,15
509,15
510,15
511,15
513,15
518,15
521,15
523,15
525,15
794,15
846,15
847,15
848,15
1011,15
1045,15
1302,15
1311,15
1337,15
1410,15
414,16
426,16
430,16
433,16
460,16
479,16
502,16
792,16
800,16
844,16
846,16
857,16
859,16
860,16
870,16
872,16
882,16
886,16
891,16
893,16
898,16
903,16
928,16
968,16
974,16
977,16
988,16
997,16
998,16
1053,16
1057,16
1067,16
1104,16
1105,16
1108,16
1120,16
1131,16
1133,16
1138,16
1160,16
1169,16
1170,16
1207,16
1214,16
1226,16
1234,16
1237,16
1269,16
1294,16
1303,16
1304,16
1308,16
1310,16
1311,16
1333,16
1334,16
1336,16
1338,16
1343,16
1344,16
1348,16
1349,16
1358,16
1366,16
1372,16
1387,16
1389,16
1395,16
1399,16
1404,16
1407,16
75,17
76,17
135,17
183,17
190,17
674,17
1580,17
1581,17
1589,17
1607,17
1626,17
1627,17
1630,17
1649,17
1651,17
1655,17
1663,17
1,18
2,18
13,18
19,18
20,18
23,18
30,18
31,18
34,18
36,18
38,18
39,18
52,18
55,18
58,18
60,18
61,18
63,18
70,18
76,18
101,18
122,18
127,18
147,18
156,18
171,18
180,18
188,18
190,18
212,18
214,18
223,18
239,18
242,18
246,18
249,18
250,18
254,18
261,18
262,18
264,18
265,18
269,18
272,18
273,18
274,18
275,18
278,18
279,18
281,18
283,18
289,18
290,18
291,18
292,18
296,18
297,18
299,18
300,18
302,18
303,18
307,18
308,18
309,18
313,18
314,18
315,18
316,18
317,18
319,18
321,18
328,18
329,18
332,18
334,18
335,18
337,18
341,18
342,18
345,18
346,18
349,18
350,18
352,18
353,18
354,18
359,18
361,18
365,18
366,18
367,18
373,18
374,18
375,18
376,18
377,18
378,18
380,18
382,18
384,18
386,18
388,18
389,18
392,18
394,18
395,18
397,18
398,18
399,18
406,18
407,18
408,18
409,18
417,18
418,18
423,18
430,18
431,18
434,18
438,18
439,18
673,18
676,18
678,18
679,18
686,18
690,18
692,18
693,18
694,18
698,18
699,18
704,18
748,18
760,18
761,18
770,18
771,18
791,18
792,18
793,18
795,18
797,18
798,18
799,18
801,18
802,18
803,18
804,18
805,18
816,18
823,18
824,18
825,18
826,18
827,18
828,18
829,18
830,18
831,18
832,18
833,18
834,18
836,18
838,18
840,18
844,18
846,18
851,18
852,18
856,18
858,18
859,18
860,18
862,18
865,18
867,18
872,18
880,18
882,18
884,18
886,18
887,18
890,18
891,18
894,18
895,18
899,18
900,18
911,18
912,18
914,18
915,18
919,18
923,18
924,18
925,18
927,18
928,18
931,18
934,18
935,18
938,18
939,18
943,18
948,18
950,18
951,18
954,18
955,18
964,18
965,18
966,18
970,18
973,18
974,18
975,18
977,18
979,18
981,18
982,18
984,18
987,18
988,18
993,18
995,18
997,18
999,18
1001,18
1002,18
1008,18
1010,18
1013,18
1014,18
1015,18
1017,18
1018,18
1019,18
1021,18
1026,18
1027,18
1030,18
1031,18
1032,18
1033,18
1036,18
1037,18
1038,18
1046,18
1047,18
1053,18
1055,18
1056,18
1060,18
1064,18
1067,18
1072,18
1076,18
1078,18
1079,18
1084,18
1087,18
1088,18
1092,18
1096,18
1101,18
1103,18
1106,18
1108,18
1114,18
1117,18
1119,18
1120,18
1121,18
1126,18
1127,18
1128,18
1129,18
1131,18
1132,18
1134,18
1137,18
1140,18
1144,18
1149,18
1165,18
1168,18
1169,18
1170,18
1171,18
1172,18
1173,18
1175,18
1177,18
1179,18
1180,18
1181,18
1182,18
1183,18
1184,18
1185,18
1189,18
1194,18
1195,18
1206,18
1209,18
1210,18
1212,18
1213,18
1214,18
1216,18
1219,18
1223,18
1225,18
1228,18
1230,18
1232,18
1233,18
1234,18
1235,18
1237,18
1238,18
1239,18
1242,18
1243,18
1247,18
1248,18
1251,18
1255,18
1257,18
1258,18
1259,18
1262,18
1266,18
1267,18
1269,18
1273,18
1277,18
1278,18
1281,18
1283,18
1286,18
1289,18
1292,18
1294,18
1296,18
1297,18
1311,18
1337,18
1340,18
1341,18
1347,18
1359,18
1361,18
1362,18
1363,18
1364,18
1365,18
1366,18
1369,18
1370,18
1372,18
1383,18
1384,18
1399,18
1400,18
1401,18
1402,18
1403,18
1409,18
1412,18
1413,18
1416,18
1420,18
1424,18
1425,18
1430,18
1432,18
1448,18
1453,18
1455,18
1456,18
1459,18
1461,18
1462,18
1466,18
1467,18
1471,18
1472,18
1473,18
1474,18
1477,18
1481,18
1482,18
1484,18
1485,18
1486,18
1487,18
1491,18
1492,18
1495,18
1496,18
1501,18
1503,18
1504,18
1510,18
1513,18
1514,18
1519,18
1521,18
1522,18
1523,18
1526,18
1530,18
1535,18
1543,18
1546,18
1549,18
1550,18
1552,18
1554,18
1558,18
1559,18
1560,18
1563,18
1564,18
1566,18
1568,18
1570,18
1571,18
1588,18
1628,18
1635,18
83,19
174,19
178,19
75,20
177,20
187,20
537,20
569,20
578,20
641,20
792,20
795,20
796,20
967,20
1212,20
1213,20
1579,20
1584,20
1596,20
1597,20
1605,20
1606,20
1616,20
1617,20
1622,20
1639,20
1643,20
1647,20
1658,20
1660,20
30,21
43,21
75,21
87,21
91,21
95,21
97,21
98,21
105,21
106,21
121,21
122,21
131,21
135,21
137,21
141,21
145,21
146,21
147,21
150,21
151,21
152,21
153,21
155,21
156,21
158,21
167,21
171,21
174,21
178,21
181,21
186,21
188,21
189,21
190,21
192,21
193,21
194,21
213,21
215,21
218,21
225,21
226,21
227,21
237,21
239,21
242,21
243,21
267,21
272,21
281,21
288,21
299,21
305,21
307,21
308,21
309,21
313,21
316,21
320,21
329,21
332,21
333,21
334,21
337,21
349,21
353,21
354,21
359,21
362,21
367,21
374,21
375,21
376,21
378,21
385,21
389,21
394,21
406,21
407,21
414,21
424,21
425,21
430,21
432,21
438,21
439,21
443,21
529,21
534,21
540,21
546,21
552,21
554,21
555,21
558,21
559,21
562,21
564,21
565,21
568,21
569,21
570,21
572,21
577,21
578,21
579,21
580,21
582,21
585,21
588,21
590,21
591,21
593,21
596,21
598,21
603,21
604,21
614,21
615,21
617,21
618,21
627,21
629,21
632,21
634,21
635,21
637,21
638,21
639,21
640,21
641,21
642,21
643,21
645,21
646,21
647,21
648,21
649,21
650,21
652,21
655,21
657,21
658,21
659,21
660,21
661,21
662,21
667,21
669,21
670,21
672,21
673,21
676,21
678,21
679,21
682,21
683,21
685,21
686,21
687,21
688,21
689,21
690,21
691,21
692,21
693,21
694,21
697,21
698,21
699,21
700,21
701,21
704,21
705,21
709,21
720,21
722,21
724,21
732,21
733,21
740,21
741,21
742,21
744,21
745,21
746,21
747,21
748,21
750,21
751,21
758,21
759,21
760,21
761,21
763,21
764,21
768,21
769,21
770,21
771,21
772,21
773,21
774,21
775,21
776,21
777,21
778,21
779,21
781,21
783,21
784,21
785,21
786,21
788,21
789,21
790,21
791,21
799,21
800,21
803,21
812,21
820,21
824,21
834,21
844,21
846,21
853,21
856,21
860,21
862,21
863,21
867,21
872,21
882,21
883,21
887,21
890,21
894,21
899,21
909,21
910,21
915,21
921,21
923,21
924,21
925,21
926,21
928,21
931,21
938,21
951,21
955,21
967,21
970,21
974,21
982,21
983,21
988,21
997,21
998,21
1000,21
1002,21
1019,21
1031,21
1049,21
1065,21
1068,21
1069,21
1076,21
1078,21
1085,21
1090,21
1101,21
1103,21
1104,21
1108,21
1110,21
1114,21
1119,21
1120,21
1121,21
1124,21
1126,21
1128,21
1129,21
1131,21
1132,21
1146,21
1150,21
1160,21
1168,21
1169,21
1170,21
1172,21
1182,21
1184,21
1189,21
1194,21
1204,21
1209,21
1210,21
1221,21
1227,21
1228,21
1234,21
1237,21
1243,21
1252,21
1253,21
1258,21
1259,21
1263,21
1264,21
1269,21
1277,21
1284,21
1286,21
1290,21
1291,21
1292,21
1293,21
1294,21
1297,21
1298,21
1299,21
1303,21
1305,21
1306,21
1307,21
1308,21
1310,21
1313,21
1314,21
1316,21
1317,21
1319,21
1320,21
1326,21
1331,21
1332,21
1334,21
1337,21
1350,21
1353,21
1354,21
1358,21
1366,21
1368,21
1369,21
1370,21
1372,21
1374,21
1376,21
1377,21
1379,21
1380,21
1382,21
1383,21
1384,21
1387,21
1389,21
1391,21
1393,21
1397,21
1401,21
1404,21
1407,21
1410,21
1412,21
1413,21
1420,21
1453,21
1455,21
1456,21
1461,21
1462,21
1467,21
1473,21
1488,21
1491,21
1495,21
1496,21
1510,21
1513,21
1519,21
1521,21
1526,21
1535,21
1543,21
1546,21
1550,21
1554,21
1558,21
1559,21
1564,21
1570,21
1575,21
1583,21
1588,21
1591,21
1596,21
1597,21
1598,21
1605,21
1607,21
1612,21
1616,21
1617,21
1619,21
1622,21
1626,21
1627,21
1628,21
1630,21
1633,21
1634,21
1638,21
1640,21
1647,21
1649,21
1651,21
1655,21
1658,21
1660,21
1663,21
51,22
109,22
204,22
363,22
368,22
721,22
724,22
741,22
742,22
769,22
1396,22
1493,22
1494,22
1497,22
1507,22
1509,22
1524,22
1533,22
16,23
17,23
37,23
63,23
64,23
71,23
77,23
217,23
232,23
240,23
242,23
368,23
389,23
530,23
533,23
535,23
541,23
546,23
547,23
552,23
556,23
564,23
568,23
569,23
573,23
578,23
585,23
588,23
597,23
598,23
602,23
608,23
609,23
610,23
611,23
612,23
613,23
620,23
621,23
625,23
630,23
632,23
639,23
650,23
657,23
658,23
659,23
667,23
670,23
675,23
677,23
678,23
679,23
692,23
693,23
694,23
695,23
696,23
699,23
701,23
704,23
710,23
712,23
717,23
718,23
726,23
731,23
735,23
738,23
742,23
743,23
747,23
751,23
760,23
761,23
763,23
770,23
772,23
773,23
780,23
782,23
1348,23
1364,23
1572,23
1574,23
1575,23
1577,23
1579,23
1580,23
1582,23
1585,23
1587,23
1588,23
1593,23
1594,23
1595,23
1600,23
1602,23
1607,23
1609,23
1611,23
1612,23
1614,23
1623,23
1629,23
1634,23
1636,23
1637,23
1642,23
1644,23
1646,23
1656,23
1657,23
1659,23
1661,23
1663,23
1665,23
22,24
29,24
73,24
291,24
323,24
346,24
347,24
391,24
401,24
405,24
406,24
492,24
524,24
846,24
929,24
941,24
1051,24
1095,24
1113,24
1133,24
1147,24
1208,24
1212,24
1224,24
1226,24
1244,24
1500,24
1567,24
16,25
17,25
18,25
24,25
43,25
44,25
46,25
51,25
53,25
56,25
58,25
62,25
63,25
64,25
76,25
80,25
82,25
89,25
90,25
91,25
93,25
94,25
96,25
103,25
105,25
112,25
114,25
115,25
117,25
119,25
120,25
122,25
124,25
128,25
129,25
131,25
134,25
136,25
137,25
138,25
142,25
143,25
146,25
149,25
151,25
157,25
168,25
169,25
171,25
173,25
174,25
176,25
178,25
179,25
180,25
181,25
183,25
186,25
188,25
192,25
193,25
196,25
198,25
200,25
201,25
202,25
209,25
210,25
215,25
216,25
218,25
219,25
220,25
221,25
222,25
224,25
229,25
230,25
236,25
249,25
250,25
252,25
254,25
255,25
257,25
263,25
265,25
270,25
282,25
284,25
285,25
287,25
295,25
302,25
304,25
306,25
309,25
319,25
325,25
330,25
335,25
336,25
339,25
341,25
342,25
344,25
345,25
352,25
356,25
363,25
368,25
369,25
370,25
375,25
378,25
384,25
393,25
401,25
402,25
406,25
408,25
438,25
439,25
546,25
555,25
566,25
573,25
576,25
588,25
644,25
702,25
800,25
803,25
820,25
829,25
830,25
838,25
839,25
846,25
847,25
856,25
857,25
862,25
871,25
876,25
877,25
883,25
886,25
894,25
899,25
902,25
905,25
919,25
951,25
977,25
987,25
995,25
1024,25
1025,25
1070,25
1078,25
1085,25
1089,25
1114,25
1116,25
1118,25
1126,25
1128,25
1132,25
1145,25
1154,25
1156,25
1159,25
1169,25
1184,25
1185,25
1194,25
1198,25
1212,25
1224,25
1225,25
1231,25
1235,25
1240,25
1259,25
1264,25
1266,25
1278,25
1299,25
1313,25
1316,25
1318,25
1320,25
1389,25
1415,25
1417,25
1423,25
1426,25
1429,25
1430,25
1436,25
1437,25
1446,25
1460,25
1464,25
1465,25
1474,25
1480,25
1495,25
1496,25
1497,25
1498,25
1501,25
1504,25
1507,25
1509,25
1510,25
1525,25
1533,25
1539,25
1543,25
1544,25
1547,25
1548,25
1549,25
1551,25
1583,25
1601,25
1613,25
1621,25
1629,25
1641,25
1663,25
1664,25
16,26
17,26
18,26
62,26
63,26
64,26
100,26
113,26
187,26
573,26
588,26
631,26
645,26
1469,26
1540,26
1541,26
1601,26
1609,26
1613,26
22,27
30,27
34,27
39,27
61,27
70,27
74,27
116,27
140,27
182,27
239,27
243,27
254,27
255,27
258,27
260,27
261,27
262,27
278,27
281,27
284,27
288,27
289,27
290,27
292,27
297,27
299,27
303,27
307,27
313,27
315,27
316,27
317,27
321,27
325,27
328,27
332,27
334,27
337,27
349,27
350,27
354,27
359,27
360,27
362,27
365,27
366,27
367,27
374,27
376,27
377,27
380,27
382,27
389,27
390,27
396,27
397,27
398,27
399,27
406,27
407,27
408,27
409,27
410,27
411,27
412,27
414,27
415,27
417,27
418,27
419,27
423,27
424,27
425,27
426,27
427,27
431,27
432,27
436,27
470,27
471,27
473,27
474,27
478,27
479,27
480,27
485,27
486,27
487,27
493,27
494,27
495,27
496,27
499,27
504,27
510,27
511,27
516,27
517,27
523,27
526,27
669,27
671,27
682,27
683,27
685,27
697,27
746,27
762,27
765,27
766,27
786,27
787,27
788,27
795,27
796,27
797,27
800,27
801,27
802,27
804,27
807,27
816,27
818,27
820,27
823,27
824,27
828,27
834,27
836,27
837,27
840,27
846,27
852,27
856,27
858,27
860,27
865,27
867,27
872,27
885,27
887,27
889,27
890,27
895,27
899,27
900,27
903,27
904,27
907,27
911,27
915,27
917,27
919,27
923,27
931,27
936,27
937,27
938,27
942,27
943,27
948,27
949,27
950,27
954,27
955,27
956,27
963,27
965,27
966,27
968,27
976,27
985,27
989,27
992,27
993,27
997,27
998,27
999,27
1010,27
1011,27
1012,27
1013,27
1015,27
1016,27
1017,27
1019,27
1020,27
1021,27
1023,27
1029,27
1031,27
1034,27
1039,27
1041,27
1047,27
1049,27
1057,27
1060,27
1062,27
1065,27
1066,27
1068,27
1074,27
1075,27
1079,27
1086,27
1087,27
1088,27
1089,27
1090,27
1101,27
1106,27
1114,27
1115,27
1116,27
1117,27
1118,27
1119,27
1121,27
1124,27
1128,27
1129,27
1131,27
1132,27
1137,27
1144,27
1149,27
1150,27
1153,27
1158,27
1160,27
1163,27
1166,27
1168,27
1172,27
1173,27
1180,27
1181,27
1184,27
1185,27
1187,27
1189,27
1197,27
1199,27
1205,27
1209,27
1210,27
1212,27
1213,27
1214,27
1215,27
1217,27
1219,27
1220,27
1222,27
1223,27
1227,27
1238,27
1239,27
1243,27
1249,27
1253,27
1255,27
1264,27
1269,27
1273,27
1274,27
1277,27
1280,27
1281,27
1284,27
1287,27
1295,27
1296,27
1297,27
1302,27
1304,27
1308,27
1312,27
1339,27
1383,27
1385,27
1390,27
1392,27
1399,27
1400,27
1401,27
1409,27
1416,27
1420,27
1453,27
1455,27
1459,27
1461,27
1462,27
1467,27
1473,27
1477,27
1482,27
1484,27
1491,27
1492,27
1495,27
1501,27
1503,27
1504,27
1519,27
1521,27
1523,27
1530,27
1535,27
1543,27
1546,27
1550,27
1552,27
1554,27
1558,27
1559,27
1560,27
1563,27
1564,27
1566,27
1568,27
3,28
4,28
25,28
28,28
33,28
40,28
41,28
42,28
45,28
50,28
61,28
63,28
66,28
67,28
68,28
90,28
91,28
92,28
103,28
106,28
113,28
126,28
132,28
157,28
169,28
196,28
197,28
199,28
202,28
203,28
207,28
389,28
404,28
617,28
1219,28
1322,28
1329,28
1330,28
1331,28
1332,28
1333,28
1334,28
1337,28
1354,28
1355,28
1356,28
1364,28
1371,28
1372,28
1374,28
1433,28
1545,28
13,29
14,29
22,29
23,29
24,29
26,29
61,29
63,29
65,29
68,29
69,29
78,29
88,29
89,29
120,29
125,29
144,29
161,29
180,29
189,29
192,29
193,29
199,29
207,29
215,29
231,29
238,29
271,29
274,29
275,29
280,29
293,29
301,29
324,29
344,29
387,29
388,29
404,29
406,29
544,29
578,29
696,29
814,29
826,29
838,29
839,29
846,29
870,29
1022,29
1043,29
1054,29
1096,29
1101,29
1145,29
1263,29
1315,29
1322,29
1324,29
1325,29
1329,29
1330,29
1331,29
1332,29
1333,29
1334,29
1335,29
1336,29
1337,29
1338,29
1348,29
1355,29
1356,29
1358,29
1365,29
1366,29
1367,29
1368,29
1371,29
1373,29
1374,29
1375,29
1392,29
1414,29
1415,29
1427,29
1429,29
1432,29
1446,29
1458,29
1465,29
1468,29
1476,29
1480,29
1483,29
1490,29
1493,29
1498,29
1508,29
1518,29
1528,29
1533,29
1545,29
1548,29
1553,29
1562,29
1610,29
1650,29
1652,29
1654,29
1662,29
46,30
63,30
75,30
87,30
100,30
134,30
140,30
146,30
171,30
183,30
190,30
192,30
193,30
215,30
242,30
284,30
299,30
302,30
303,30
333,30
334,30
335,30
349,30
351,30
360,30
362,30
367,30
374,30
389,30
399,30
406,30
407,30
408,30
409,30
627,30
634,30
639,30
643,30
648,30
649,30
665,30
669,30
672,30
678,30
679,30
686,30
689,30
693,30
694,30
696,30
699,30
704,30
711,30
724,30
735,30
744,30
745,30
749,30
750,30
751,30
760,30
761,30
762,30
763,30
764,30
770,30
771,30
777,30
785,30
787,30
791,30
804,30
856,30
937,30
1069,30
1074,30
1115,30
1116,30
1118,30
1119,30
1124,30
1128,30
1129,30
1184,30
1185,30
1212,30
1213,30
1227,30
1237,30
1284,30
1293,30
1333,30
1349,30
1353,30
1383,30
1384,30
1413,30
1418,30
1420,30
1456,30
1462,30
1482,30
1495,30
1504,30
1519,30
1523,30
1535,30
1552,30
1554,30
1560,30
1563,30
1568,30
1570,30
12,31
15,31
104,31
162,31
206,31
1415,31
1426,31
1428,31
1429,31
1436,31
1480,31
1493,31
1505,31
1533,31
1544,31
1553,31
1561,31
82,32
84,32
86,32
91,32
136,32
146,32
147,32
177,32
189,32
192,32
193,32
212,32
213,32
215,32
588,33
8,34
9,34
21,34
27,34
32,34
49,34
51,34
58,34
66,34
85,34
90,34
91,34
92,34
94,34
113,34
126,34
132,34
133,34
141,34
157,34
174,34
180,34
192,34
203,34
223,34
325,34
344,34
365,34
366,34
402,34
406,34
410,34
414,34
419,34
423,34
426,34
435,34
436,34
441,34
445,34
448,34
460,34
464,34
468,34
469,34
470,34
471,34
477,34
478,34
479,34
480,34
489,34
492,34
493,34
494,34
495,34
497,34
498,34
499,34
502,34
510,34
511,34
513,34
516,34
517,34
520,34
521,34
793,34
795,34
801,34
804,34
808,34
816,34
820,34
821,34
840,34
842,34
843,34
846,34
856,34
857,34
859,34
860,34
881,34
891,34
893,34
903,34
905,34
906,34
907,34
910,34
913,34
920,34
921,34
926,34
932,34
937,34
942,34
949,34
950,34
952,34
956,34
963,34
965,34
968,34
975,34
976,34
980,34
981,34
984,34
985,34
989,34
993,34
996,34
997,34
1011,34
1016,34
1017,34
1018,34
1022,34
1024,34
1025,34
1028,34
1029,34
1030,34
1031,34
1032,34
1033,34
1035,34
1036,34
1041,34
1043,34
1044,34
1045,34
1051,34
1052,34
1057,34
1060,34
1061,34
1062,34
1064,34
1072,34
1074,34
1077,34
1086,34
1095,34
1098,34
1115,34
1116,34
1117,34
1118,34
1119,34
1131,34
1138,34
1139,34
1140,34
1144,34
1147,34
1149,34
1155,34
1163,34
1172,34
1179,34
1184,34
1185,34
1192,34
1197,34
1199,34
1200,34
1202,34
1205,34
1206,34
1208,34
1212,34
1213,34
1214,34
1216,34
1224,34
1241,34
1247,34
1253,34
1254,34
1255,34
1257,34
1258,34
1267,34
1271,34
1278,34
1280,34
1283,34
1284,34
1302,34
1311,34
1315,34
1390,34
1413,34
1422,34
1440,34
1453,34
1457,34
1468,34
1480,34
1481,34
1482,34
1484,34
1491,34
1493,34
1502,34
1503,34
1517,34
1523,34
1532,34
1536,34
1542,34
1552,34
1554,34
1557,34
1561,34
1563,34
1565,34
1570,34
1624,34
1,35
2,35
6,35
8,35
9,35
13,35
14,35
15,35
16,35
17,35
19,35
20,35
21,35
22,35
23,35
27,35
30,35
32,35
34,35
36,35
38,35
39,35
40,35
41,35
48,35
49,35
51,35
52,35
54,35
55,35
60,35
61,35
62,35
63,35
64,35
70,35
73,35
74,35
75,35
77,35
84,35
87,35
88,35
90,35
91,35
92,35
93,35
95,35
96,35
98,35
102,35
103,35
105,35
106,35
115,35
116,35
117,35
119,35
122,35
126,35
128,35
131,35
132,35
134,35
136,35
137,35
138,35
141,35
143,35
144,35
146,35
147,35
149,35
151,35
154,35
155,35
156,35
157,35
165,35
166,35
169,35
173,35
174,35
177,35
178,35
179,35
180,35
181,35
182,35
183,35
186,35
187,35
190,35
191,35
192,35
193,35
199,35
200,35
203,35
210,35
215,35
216,35
218,35
219,35
220,35
221,35
222,35
224,35
225,35
231,35
234,35
236,35
237,35
239,35
241,35
242,35
243,35
246,35
248,35
249,35
250,35
254,35
258,35
262,35
263,35
264,35
265,35
267,35
269,35
271,35
272,35
273,35
274,35
275,35
278,35
279,35
281,35
282,35
284,35
285,35
288,35
290,35
293,35
299,35
301,35
302,35
303,35
306,35
307,35
308,35
309,35
310,35
313,35
314,35
315,35
316,35
317,35
318,35
319,35
320,35
321,35
322,35
323,35
324,35
325,35
327,35
328,35
329,35
332,35
333,35
334,35
335,35
337,35
341,35
342,35
343,35
344,35
345,35
346,35
348,35
349,35
350,35
352,35
353,35
354,35
359,35
360,35
362,35
364,35
365,35
366,35
367,35
374,35
375,35
376,35
377,35
378,35
380,35
382,35
383,35
385,35
387,35
388,35
389,35
390,35
394,35
395,35
396,35
397,35
399,35
400,35
401,35
402,35
403,35
404,35
406,35
407,35
408,35
409,35
627,35
639,35
643,35
646,35
648,35
649,35
669,35
678,35
680,35
681,35
682,35
683,35
685,35
687,35
688,35
690,35
693,35
694,35
696,35
698,35
700,35
704,35
705,35
707,35
708,35
709,35
711,35
713,35
714,35
715,35
716,35
720,35
724,35
726,35
730,35
732,35
735,35
736,35
737,35
745,35
746,35
750,35
752,35
758,35
759,35
760,35
761,35
762,35
763,35
764,35
766,35
767,35
770,35
771,35
775,35
778,35
779,35
786,35
787,35
788,35
792,35
794,35
795,35
797,35
798,35
799,35
800,35
801,35
802,35
804,35
823,35
824,35
825,35
826,35
827,35
828,35
829,35
830,35
831,35
832,35
834,35
836,35
838,35
839,35
851,35
852,35
856,35
858,35
860,35
863,35
867,35
871,35
872,35
875,35
882,35
886,35
887,35
890,35
895,35
898,35
899,35
912,35
919,35
924,35
925,35
927,35
928,35
931,35
934,35
935,35
937,35
939,35
943,35
951,35
954,35
955,35
964,35
966,35
967,35
970,35
974,35
977,35
979,35
982,35
987,35
988,35
993,35
997,35
999,35
1001,35
1002,35
1004,35
1008,35
1010,35
1011,35
1013,35
1014,35
1015,35
1016,35
1017,35
1018,35
1019,35
1020,35
1026,35
1027,35
1029,35
1030,35
1031,35
1032,35
1033,35
1034,35
1035,35
1036,35
1038,35
1039,35
1041,35
1046,35
1047,35
1050,35
1055,35
1065,35
1069,35
1074,35
1075,35
1076,35
1079,35
1085,35
1087,35
1088,35
1089,35
1090,35
1096,35
1101,35
1103,35
1104,35
1106,35
1107,35
1114,35
1116,35
1118,35
1119,35
1124,35
1125,35
1126,35
1127,35
1128,35
1132,35
1137,35
1144,35
1150,35
1153,35
1160,35
1164,35
1166,35
1168,35
1169,35
1170,35
1173,35
1175,35
1180,35
1181,35
1184,35
1185,35
1209,35
1210,35
1212,35
1213,35
1217,35
1221,35
1222,35
1223,35
1227,35
1228,35
1229,35
1230,35
1234,35
1238,35
1239,35
1242,35
1243,35
1256,35
1258,35
1259,35
1264,35
1273,35
1274,35
1277,35
1281,35
1284,35
1286,35
1289,35
1290,35
1291,35
1292,35
1293,35
1294,35
1295,35
1296,35
1297,35
1299,35
1300,35
1303,35
1304,35
1307,35
1308,35
1309,35
1310,35
1311,35
1312,35
1313,35
1314,35
1316,35
1317,35
1319,35
1320,35
1321,35
1336,35
1337,35
1338,35
1340,35
1341,35
1343,35
1344,35
1352,35
1353,35
1354,35
1358,35
1359,35
1360,35
1363,35
1364,35
1366,35
1372,35
1375,35
1379,35
1380,35
1382,35
1383,35
1384,35
1385,35
1387,35
1390,35
1391,35
1393,35
1394,35
1397,35
1399,35
1401,35
1402,35
1406,35
1407,35
1408,35
1409,35
1410,35
1411,35
1412,35
1415,35
1417,35
1418,35
1420,35
1424,35
1425,35
1430,35
1431,35
1432,35
1438,35
1444,35
1445,35
1446,35
1448,35
1453,35
1456,35
1459,35
1460,35
1461,35
1462,35
1464,35
1465,35
1466,35
1467,35
1472,35
1473,35
1474,35
1477,35
1478,35
1480,35
1482,35
1483,35
1484,35
1486,35
1487,35
1491,35
1492,35
1493,35
1494,35
1495,35
1496,35
1498,35
1501,35
1503,35
1504,35
1505,35
1506,35
1507,35
1508,35
1514,35
1516,35
1519,35
1521,35
1522,35
1523,35
1525,35
1527,35
1530,35
1533,35
1535,35
1537,35
1538,35
1543,35
1544,35
1546,35
1547,35
1548,35
1549,35
1550,35
1551,35
1552,35
1553,35
1554,35
1558,35
1559,35
1560,35
1561,35
1563,35
1566,35
1568,35
1570,35
1571,35
1628,35
1655,35
268,36
270,36
271,36
406,36
12,37
57,37
99,37
130,37
1458,37
89,38
157,38
437,38
556,38
602,38
200,39
1460,39
1540,39
1541,39
64,40
152,40
167,40
214,40
236,40
1,41
14,41
20,41
23,41
29,41
30,41
34,41
36,41
38,41
39,41
40,41
41,41
48,41
52,41
55,41
58,41
59,41
61,41
70,41
74,41
75,41
82,41
84,41
87,41
116,41
135,41
136,41
139,41
146,41
165,41
178,41
192,41
193,41
215,41
234,41
239,41
245,41
248,41
249,41
253,41
258,41
259,41
260,41
262,41
264,41
267,41
268,41
270,41
271,41
273,41
274,41
275,41
277,41
278,41
280,41
281,41
282,41
288,41
289,41
290,41
292,41
294,41
296,41
297,41
300,41
301,41
303,41
305,41
307,41
308,41
311,41
312,41
313,41
315,41
316,41
317,41
320,41
321,41
322,41
324,41
325,41
328,41
329,41
331,41
332,41
334,41
337,41
338,41
340,41
344,41
346,41
348,41
350,41
352,41
353,41
354,41
358,41
359,41
360,41
361,41
362,41
365,41
366,41
367,41
376,41
377,41
379,41
380,41
382,41
385,41
387,41
388,41
389,41
390,41
391,41
392,41
395,41
396,41
397,41
398,41
399,41
403,41
404,41
405,41
406,41
407,41
408,41
409,41
411,41
415,41
417,41
418,41
421,41
425,41
430,41
431,41
432,41
445,41
460,41
473,41
474,41
475,41
476,41
482,41
483,41
485,41
486,41
487,41
496,41
497,41
504,41
506,41
509,41
525,41
526,41
685,41
694,41
795,41
797,41
798,41
799,41
801,41
818,41
823,41
824,41
826,41
827,41
828,41
831,41
832,41
834,41
836,41
837,41
845,41
846,41
852,41
853,41
858,41
860,41
862,41
863,41
867,41
871,41
872,41
875,41
882,41
883,41
885,41
886,41
889,41
890,41
894,41
895,41
899,41
900,41
904,41
915,41
916,41
919,41
923,41
924,41
925,41
926,41
927,41
931,41
934,41
935,41
939,41
943,41
948,41
950,41
951,41
954,41
955,41
964,41
966,41
970,41
974,41
977,41
979,41
982,41
992,41
993,41
995,41
997,41
998,41
999,41
1001,41
1002,41
1003,41
1004,41
1005,41
1007,41
1009,41
1010,41
1012,41
1013,41
1014,41
1015,41
1017,41
1018,41
1019,41
1020,41
1026,41
1033,41
1034,41
1039,41
1040,41
1046,41
1049,41
1051,41
1055,41
1065,41
1066,41
1068,41
1069,41
1075,41
1076,41
1079,41
1082,41
1084,41
1088,41
1089,41
1090,41
1092,41
1096,41
1099,41
1101,41
1103,41
1104,41
1106,41
1114,41
1118,41
1119,41
1121,41
1124,41
1126,41
1127,41
1128,41
1131,41
1132,41
1134,41
1137,41
1147,41
1150,41
1151,41
1152,41
1153,41
1157,41
1160,41
1164,41
1166,41
1167,41
1168,41
1169,41
1170,41
1172,41
1173,41
1174,41
1175,41
1177,41
1180,41
1181,41
1182,41
1189,41
1194,41
1209,41
1210,41
1212,41
1215,41
1217,41
1220,41
1222,41
1223,41
1227,41
1228,41
1230,41
1234,41
1235,41
1237,41
1238,41
1239,41
1243,41
1253,41
1256,41
1261,41
1264,41
1268,41
1269,41
1273,41
1274,41
1275,41
1277,41
1281,41
1296,41
1309,41
1312,41
1330,41
1336,41
1337,41
1338,41
1339,41
1340,41
1341,41
1343,41
1345,41
1350,41
1351,41
1354,41
1359,41
1360,41
1364,41
1366,41
1367,41
1385,41
1386,41
1392,41
1399,41
1400,41
1402,41
1404,41
1409,41
1420,41
1423,41
1424,41
1425,41
1429,41
1430,41
1431,41
1432,41
1434,41
1442,41
1446,41
1448,41
1449,41
1450,41
1451,41
1453,41
1459,41
1461,41
1462,41
1464,41
1465,41
1466,41
1468,41
1471,41
1472,41
1474,41
1477,41
1478,41
1482,41
1484,41
1486,41
1491,41
1492,41
1494,41
1495,41
1501,41
1503,41
1507,41
1513,41
1514,41
1516,41
1519,41
1521,41
1522,41
1523,41
1525,41
1527,41
1529,41
1535,41
1538,41
1543,41
1546,41
1547,41
1548,41
1551,41
1552,41
1554,41
1555,41
1556,41
1560,41
1563,41
1566,41
1568,41
91,42
92,42
93,42
95,42
126,42
129,42
131,42
132,42
138,42
141,42
167,42
179,42
181,42
187,42
203,42
236,42
7,43
25,43
26,43
63,43
66,43
68,43
82,43
92,43
94,43
118,43
126,43
132,43
151,43
157,43
174,43
180,43
196,43
199,43
201,43
202,43
203,43
222,43
231,43
238,43
293,43
371,43
389,43
406,43
691,43
854,43
855,43
1004,43
1015,43
1019,43
1020,43
1022,43
1024,43
1025,43
1028,43
1029,43
1043,43
1045,43
1118,43
1343,43
1433,43
1469,43
1541,43
239,44
273,44
274,44
279,44
281,44
284,44
289,44
290,44
299,44
305,44
308,44
309,44
316,44
318,44
320,44
325,44
327,44
337,44
343,44
349,44
352,44
359,44
375,44
377,44
382,44
385,44
389,44
397,44
400,44
406,44
407,44
410,44
411,44
414,44
415,44
417,44
419,44
421,44
422,44
423,44
424,44
425,44
426,44
427,44
429,44
430,44
432,44
433,44
434,44
435,44
436,44
438,44
439,44
440,44
443,44
445,44
460,44
461,44
465,44
466,44
467,44
470,44
471,44
472,44
473,44
474,44
475,44
476,44
477,44
478,44
479,44
483,44
485,44
486,44
487,44
489,44
491,44
492,44
493,44
495,44
496,44
497,44
498,44
499,44
500,44
502,44
504,44
506,44
507,44
508,44
509,44
510,44
511,44
513,44
515,44
516,44
517,44
518,44
520,44
521,44
522,44
523,44
524,44
525,44
526,44
547,44
549,44
556,44
559,44
565,44
570,44
577,44
583,44
589,44
590,44
592,44
595,44
598,44
599,44
600,44
601,44
603,44
604,44
605,44
617,44
633,44
635,44
637,44
638,44
639,44
641,44
643,44
649,44
651,44
655,44
657,44
662,44
663,44
665,44
671,44
682,44
683,44
750,44
762,44
766,44
768,44
788,44
792,44
793,44
794,44
795,44
796,44
797,44
798,44
799,44
800,44
801,44
802,44
803,44
804,44
823,44
824,44
825,44
826,44
827,44
831,44
836,44
838,44
839,44
845,44
851,44
853,44
854,44
855,44
856,44
858,44
860,44
862,44
863,44
867,44
871,44
872,44
875,44
882,44
886,44
887,44
890,44
895,44
898,44
899,44
904,44
912,44
915,44
916,44
923,44
924,44
925,44
927,44
928,44
931,44
934,44
935,44
937,44
939,44
940,44
943,44
948,44
951,44
954,44
955,44
964,44
966,44
967,44
970,44
974,44
977,44
978,44
982,44
987,44
988,44
992,44
997,44
998,44
1000,44
1001,44
1002,44
1003,44
1004,44
1008,44
1009,44
1010,44
1011,44
1012,44
1013,44
1014,44
1015,44
1016,44
1017,44
1018,44
1019,44
1020,44
1023,44
1024,44
1025,44
1026,44
1027,44
1029,44
1030,44
1031,44
1032,44
1034,44
1035,44
1036,44
1037,44
1038,44
1039,44
1041,44
1042,44
1046,44
1049,44
1050,44
1055,44
1062,44
1065,44
1066,44
1068,44
1069,44
1075,44
1076,44
1079,44
1082,44
1084,44
1087,44
1088,44
1089,44
1092,44
1096,44
1103,44
1104,44
1106,44
1114,44
1118,44
1119,44
1120,44
1121,44
1123,44
1124,44
1126,44
1127,44
1129,44
1132,44
1134,44
1137,44
1144,44
1150,44
1151,44
1160,44
1164,44
1168,44
1170,44
1173,44
1175,44
1177,44
1180,44
1181,44
1184,44
1185,44
1189,44
1196,44
1209,44
1210,44
1212,44
1213,44
1217,44
1220,44
1221,44
1223,44
1227,44
1228,44
1229,44
1230,44
1234,44
1235,44
1237,44
1238,44
1239,44
1242,44
1243,44
1256,44
1258,44
1259,44
1261,44
1262,44
1264,44
1268,44
1269,44
1273,44
1275,44
1277,44
1281,44
1284,44
1286,44
1287,44
1290,44
1291,44
1292,44
1293,44
1294,44
1295,44
1296,44
1297,44
1298,44
1299,44
1300,44
1301,44
1302,44
1303,44
1304,44
1305,44
1306,44
1307,44
1308,44
1310,44
1311,44
1312,44
1313,44
1314,44
1316,44
1317,44
1320,44
1322,44
1323,44
1324,44
1325,44
1326,44
1327,44
1328,44
1329,44
1331,44
1332,44
1333,44
1335,44
1337,44
1338,44
1339,44
1340,44
1341,44
1342,44
1344,44
1345,44
1347,44
1348,44
1349,44
1350,44
1351,44
1352,44
1353,44
1355,44
1356,44
1357,44
1358,44
1359,44
1361,44
1362,44
1363,44
1364,44
1371,44
1372,44
1373,44
1374,44
1375,44
1376,44
1377,44
1379,44
1380,44
1381,44
1382,44
1383,44
1384,44
1385,44
1386,44
1387,44
1390,44
1391,44
1393,44
1394,44
1397,44
1399,44
1400,44
1401,44
1403,44
1405,44
1406,44
1407,44
1409,44
1410,44
1411,44
1412,44
1456,44
1467,44
1473,44
1482,44
1521,44
1530,44
1535,44
1554,44
1566,44
1568,44
1570,44
12,45
15,45
35,45
81,45
107,45
108,45
253,45
1458,45
1480,45
1493,45
1505,45
1508,45
1533,45
1534,45
1553,45
1561,45
116,46
280,46
293,46
1,47
2,47
13,47
19,47
20,47
22,47
23,47
29,47
30,47
31,47
34,47
36,47
38,47
39,47
40,47
41,47
48,47
52,47
54,47
55,47
59,47
60,47
70,47
73,47
74,47
76,47
91,47
92,47
93,47
112,47
115,47
117,47
126,47
128,47
131,47
132,47
137,47
138,47
141,47
149,47
167,47
172,47
177,47
179,47
186,47
191,47
200,47
203,47
210,47
218,47
219,47
220,47
221,47
236,47
239,47
245,47
246,47
247,47
248,47
250,47
251,47
252,47
253,47
254,47
258,47
260,47
261,47
262,47
263,47
264,47
266,47
267,47
268,47
269,47
273,47
274,47
275,47
276,47
278,47
281,47
282,47
284,47
288,47
289,47
290,47
291,47
292,47
294,47
295,47
296,47
297,47
299,47
300,47
302,47
303,47
305,47
306,47
307,47
308,47
309,47
311,47
313,47
314,47
315,47
316,47
317,47
318,47
320,47
321,47
322,47
323,47
325,47
329,47
334,47
335,47
336,47
337,47
341,47
342,47
345,47
347,47
349,47
350,47
353,47
354,47
358,47
360,47
361,47
362,47
363,47
365,47
366,47
367,47
372,47
373,47
374,47
377,47
378,47
379,47
380,47
381,47
382,47
383,47
385,47
386,47
389,47
390,47
392,47
394,47
395,47
396,47
397,47
398,47
399,47
403,47
406,47
407,47
408,47
409,47
483,47
497,47
506,47
643,47
678,47
685,47
693,47
699,47
704,47
722,47
724,47
727,47
732,47
733,47
736,47
745,47
760,47
769,47
771,47
792,47
793,47
796,47
799,47
801,47
802,47
803,47
804,47
816,47
825,47
826,47
827,47
828,47
829,47
830,47
831,47
832,47
833,47
834,47
835,47
836,47
837,47
838,47
839,47
851,47
852,47
856,47
858,47
860,47
862,47
863,47
871,47
872,47
875,47
882,47
883,47
886,47
887,47
889,47
890,47
894,47
895,47
900,47
923,47
925,47
928,47
931,47
937,47
943,47
951,47
966,47
967,47
970,47
977,47
979,47
982,47
987,47
988,47
992,47
993,47
997,47
998,47
999,47
1005,47
1006,47
1007,47
1011,47
1012,47
1014,47
1015,47
1016,47
1017,47
1018,47
1021,47
1022,47
1023,47
1033,47
1041,47
1044,47
1047,47
1049,47
1050,47
1055,47
1062,47
1065,47
1066,47
1068,47
1069,47
1074,47
1075,47
1079,47
1085,47
1088,47
1089,47
1090,47
1096,47
1099,47
1101,47
1103,47
1104,47
1114,47
1116,47
1118,47
1119,47
1120,47
1121,47
1127,47
1128,47
1129,47
1132,47
1137,47
1144,47
1150,47
1160,47
1166,47
1168,47
1169,47
1170,47
1172,47
1173,47
1175,47
1177,47
1180,47
1181,47
1182,47
1184,47
1185,47
1194,47
1209,47
1210,47
1212,47
1213,47
1215,47
1217,47
1219,47
1221,47
1222,47
1223,47
1224,47
1227,47
1228,47
1229,47
1230,47
1234,47
1238,47
1239,47
1241,47
1242,47
1243,47
1256,47
1258,47
1259,47
1264,47
1269,47
1273,47
1274,47
1277,47
1284,47
1295,47
1297,47
1302,47
1305,47
1309,47
1311,47
1312,47
1321,47
1330,47
1331,47
1332,47
1360,47
1385,47
1390,47
1392,47
1399,47
1400,47
1402,47
1413,47
1420,47
1445,47
1449,47
1453,47
1459,47
1460,47
1461,47
1462,47
1465,47
1468,47
1471,47
1473,47
1474,47
1477,47
1479,47
1480,47
1481,47
1482,47
1483,47
1484,47
1487,47
1491,47
1495,47
1496,47
1501,47
1504,47
1506,47
1510,47
1513,47
1514,47
1515,47
1519,47
1521,47
1522,47
1523,47
1526,47
1529,47
1530,47
1535,47
1543,47
1546,47
1549,47
1550,47
1552,47
1554,47
1555,47
1556,47
1558,47
1559,47
1560,47
1561,47
1563,47
1568,47
1570,47
1571,47
75,48
76,48
127,48
181,48
183,48
190,48
194,48
217,48
223,48
228,48
233,48
244,48
328,48
389,48
534,48
540,48
564,48
573,48
588,48
614,48
616,48
632,48
639,48
642,48
643,48
644,48
650,48
652,48
653,48
658,48
659,48
660,48
661,48
663,48
666,48
667,48
668,48
674,48
691,48
694,48
698,48
712,48
724,48
732,48
735,48
740,48
741,48
742,48
755,48
756,48
761,48
772,48
773,48
774,48
775,48
776,48
778,48
779,48
780,48
783,48
784,48
790,48
791,48
1535,48
1572,48
1573,48
1574,48
1575,48
1576,48
1577,48
1578,48
1579,48
1580,48
1581,48
1582,48
1583,48
1584,48
1586,48
1587,48
1588,48
1589,48
1590,48
1591,48
1594,48
1595,48
1596,48
1598,48
1600,48
1602,48
1606,48
1607,48
1610,48
1611,48
1612,48
1614,48
1616,48
1619,48
1620,48
1621,48
1622,48
1623,48
1626,48
1627,48
1628,48
1629,48
1630,48
1631,48
1632,48
1633,48
1634,48
1636,48
1637,48
1638,48
1639,48
1640,48
1642,48
1643,48
1644,48
1649,48
1650,48
1651,48
1652,48
1653,48
1655,48
1656,48
1657,48
1658,48
1659,48
1660,48
1661,48
1663,48
1665,48
410,49
414,49
416,49
418,49
419,49
426,49
428,49
429,49
470,49
471,49
473,49
480,49
486,49
495,49
496,49
510,49
516,49
517,49
520,49
524,49
873,50
1152,50
1153,50
6,52
9,52
10,52
14,52
15,52
19,52
20,52
30,52
36,52
46,52
47,52
51,52
58,52
61,52
63,52
70,52
78,52
79,52
80,52
81,52
107,52
108,52
118,52
124,52
139,52
159,52
160,52
161,52
162,52
164,52
168,52
175,52
185,52
205,52
208,52
209,52
228,52
232,52
233,52
240,52
242,52
243,52
249,52
256,52
271,52
272,52
281,52
285,52
290,52
299,52
313,52
316,52
317,52
319,52
328,52
330,52
337,52
352,52
355,52
356,52
357,52
374,52
376,52
377,52
389,52
393,52
406,52
407,52
529,52
533,52
535,52
546,52
548,52
552,52
555,52
564,52
569,52
573,52
576,52
578,52
580,52
581,52
586,52
588,52
594,52
596,52
597,52
616,52
624,52
625,52
627,52
629,52
639,52
640,52
645,52
648,52
662,52
663,52
670,52
671,52
673,52
676,52
678,52
679,52
682,52
683,52
684,52
686,52
687,52
688,52
690,52
692,52
693,52
694,52
695,52
696,52
697,52
698,52
699,52
700,52
701,52
704,52
735,52
744,52
746,52
747,52
748,52
751,52
760,52
761,52
763,52
764,52
765,52
770,52
781,52
782,52
786,52
787,52
788,52
791,52
792,52
799,52
801,52
826,52
827,52
831,52
856,52
860,52
863,52
923,52
937,52
964,52
966,52
967,52
999,52
1008,52
1017,52
1018,52
1019,52
1032,52
1036,52
1038,52
1047,52
1055,52
1069,52
1076,52
1087,52
1101,52
1106,52
1107,52
1118,52
1129,52
1137,52
1144,52
1175,52
1180,52
1184,52
1185,52
1210,52
1212,52
1221,52
1230,52
1281,52
1284,52
1287,52
1290,52
1294,52
1304,52
1308,52
1328,52
1330,52
1334,52
1341,52
1354,52
1361,52
1366,52
1367,52
1368,52
1384,52
1389,52
1401,52
1415,52
1417,52
1419,52
1420,52
1424,52
1426,52
1429,52
1430,52
1432,52
1436,52
1438,52
1444,52
1446,52
1447,52
1448,52
1458,52
1459,52
1460,52
1466,52
1467,52
1473,52
1477,52
1478,52
1480,52
1481,52
1484,52
1491,52
1493,52
1494,52
1496,52
1498,52
1503,52
1505,52
1516,52
1519,52
1521,52
1535,52
1537,52
1539,52
1543,52
1544,52
1546,52
1547,52
1548,52
1550,52
1553,52
1561,52
1566,52
1569,52
1570,52
1574,52
1577,52
1578,52
1579,52
1605,52
1616,52
1617,52
1619,52
1620,52
1635,52
1647,52
1657,52
21,52
27,52
32,52
49,52
245,52
268,52
269,52
270,52
301,52
306,52
312,52
322,52
331,52
335,52
340,52
344,52
346,52
347,52
349,52
379,52
389,52
401,52
405,52
406,52
407,52
408,52
767,52
820,52
856,52
1128,52
1129,52
1173,52
1212,52
1213,52
1284,52
1366,52
1425,52
1444,52
1458,52
1460,52
1462,52
1464,52
1472,52
1484,52
1486,52
1491,52
1492,52
1501,52
1507,52
1523,52
1525,52
1527,52
1538,52
1560,52
410,53
414,53
430,53
433,53
445,53
448,53
457,53
460,53
464,53
468,53
469,53
477,53
482,53
485,53
509,53
516,53
517,53
518,53
521,53
525,53
526,53
1312,53
1381,53
1384,53
1391,53
1401,53
1410,53
16,54
17,54
46,54
58,54
62,54
63,54
64,54
77,54
91,54
92,54
93,54
103,54
113,54
115,54
117,54
123,54
126,54
131,54
132,54
135,54
136,54
137,54
144,54
146,54
149,54
151,54
154,54
155,54
156,54
157,54
170,54
177,54
178,54
181,54
195,54
196,54
202,54
203,54
222,54
224,54
227,54
230,54
1585,54
1601,54
1603,54
1604,54
1609,54
1624,54
1645,54
1654,54
1663,54
244,55
326,55
367,55
854,55
856,55
73,56
146,56
152,56
169,56
181,56
187,56
192,56
194,56
215,56
233,56
333,56
417,56
422,56
424,56
425,56
430,56
433,56
440,56
442,56
443,56
451,56
455,56
466,56
467,56
469,56
470,56
471,56
473,56
475,56
476,56
477,56
478,56
479,56
481,56
482,56
483,56
484,56
486,56
487,56
488,56
491,56
497,56
498,56
499,56
501,56
502,56
504,56
505,56
506,56
507,56
508,56
509,56
510,56
511,56
512,56
513,56
518,56
520,56
521,56
523,56
526,56
549,56
555,56
565,56
573,56
604,56
627,56
632,56
638,56
639,56
652,56
653,56
655,56
657,56
658,56
659,56
660,56
661,56
667,56
751,56
775,56
776,56
785,56
792,56
846,56
901,56
926,56
988,56
1123,56
1131,56
1399,56
1405,56
1456,56
1535,56
1575,56
1578,56
1579,56
1580,56
1581,56
1583,56
1588,56
1589,56
1590,56
1597,56
1602,56
1605,56
1612,56
1617,56
1619,56
1622,56
1626,56
1628,56
1630,56
1631,56
1632,56
1633,56
1635,56
1638,56
1643,56
1655,56
1658,56
1660,56
1663,56
410,57
411,57
414,57
417,57
419,57
421,57
426,57
429,57
431,57
436,57
470,57
471,57
480,57
483,57
486,57
490,57
493,57
495,57
497,57
498,57
503,57
506,57
514,57
519,57
520,57
522,57
523,57
524,57
525,57
673,57
678,57
679,57
698,57
699,57
704,57
760,57
763,57
795,57
796,57
801,57
845,57
853,57
858,57
867,57
871,57
882,57
895,57
915,57
919,57
924,57
934,57
935,57
948,57
982,57
1000,57
1001,57
1085,57
1103,57
1119,57
1124,57
1132,57
1169,57
1170,57
1173,57
1209,57
1217,57
1235,57
1238,57
1239,57
1302,57
1312,57
1399,57
1400,57
13,58
16,58
63,58
64,58
84,58
260,58
304,58
325,58
335,58
375,58
387,58
389,58
406,58
416,58
420,58
421,58
427,58
445,58
460,58
494,58
538,58
539,58
608,58
609,58
610,58
611,58
618,58
631,58
650,58
833,58
838,58
919,58
923,58
999,58
1481,58
1529,58
1607,58
1659,58
78,59
80,59
134,59
165,59
166,59
232,59
342,59
344,59
406,59
417,59
1212,59
1416,59
1417,59
1424,59
1425,59
1429,59
1430,59
1432,59
1446,59
1448,59
1464,59
1466,59
1472,59
1474,59
1478,59
1492,59
1498,59
1507,59
1539,59
1549,59
1624,59
14,60
82,60
297,60
348,60
706,60
711,60
712,60
719,60
723,60
725,60
727,60
729,60
731,60
734,60
753,60
834,60
1090,60
1128,60
1295,60
1349,60
1578,60
1591,60
1628,60
1650,60
239,61
242,61
244,61
248,61
249,61
250,61
251,61
252,61
254,61
255,61
256,61
261,61
262,61
264,61
272,61
273,61
274,61
276,61
281,61
282,61
284,61
285,61
288,61
289,61
290,61
292,61
298,61
299,61
300,61
302,61
303,61
306,61
307,61
308,61
309,61
313,61
315,61
316,61
317,61
319,61
320,61
321,61
325,61
328,61
332,61
334,61
341,61
343,61
349,61
352,61
353,61
354,61
359,61
360,61
362,61
365,61
366,61
367,61
374,61
375,61
376,61
377,61
378,61
382,61
386,61
389,61
395,61
396,61
397,61
398,61
399,61
401,61
402,61
406,61
407,61
408,61
409,61
410,61
411,61
412,61
414,61
415,61
417,61
418,61
419,61
423,61
424,61
425,61
426,61
427,61
431,61
432,61
433,61
436,61
438,61
439,61
440,61
441,61
443,61
445,61
447,61
457,61
459,61
460,61
465,61
466,61
467,61
469,61
475,61
476,61
478,61
479,61
485,61
491,61
492,61
499,61
507,61
511,61
523,61
639,61
643,61
662,61
663,61
671,61
676,61
678,61
682,61
685,61
693,61
694,61
697,61
704,61
721,61
722,61
732,61
746,61
748,61
760,61
761,61
762,61
763,61
764,61
765,61
766,61
768,61
771,61
772,61
773,61
774,61
778,61
779,61
781,61
783,61
784,61
791,61
792,61
796,61
798,61
799,61
801,61
804,61
820,61
823,61
824,61
825,61
826,61
827,61
828,61
829,61
830,61
831,61
832,61
833,61
834,61
836,61
838,61
839,61
851,61
852,61
853,61
856,61
871,61
875,61
883,61
885,61
887,61
890,61
899,61
912,61
924,61
925,61
934,61
935,61
937,61
943,61
951,61
954,61
955,61
964,61
966,61
967,61
970,61
977,61
979,61
982,61
987,61
988,61
992,61
993,61
997,61
999,61
1001,61
1002,61
1006,61
1008,61
1009,61
1010,61
1013,61
1014,61
1015,61
1017,61
1018,61
1019,61
1020,61
1021,61
1026,61
1027,61
1031,61
1032,61
1034,61
1036,61
1037,61
1038,61
1046,61
1047,61
1055,61
1068,61
1074,61
1076,61
1084,61
1087,61
1090,61
1096,61
1103,61
1104,61
1106,61
1114,61
1115,61
1116,61
1118,61
1119,61
1121,61
1127,61
1128,61
1132,61
1134,61
1137,61
1144,61
1151,61
1153,61
1169,61
1170,61
1172,61
1173,61
1175,61
1177,61
1180,61
1181,61
1184,61
1185,61
1194,61
1196,61
1210,61
1212,61
1213,61
1217,61
1221,61
1222,61
1223,61
1227,61
1228,61
1230,61
1238,61
1239,61
1243,61
1259,61
1262,61
1273,61
1277,61
1281,61
1284,61
1286,61
1287,61
1290,61
1291,61
1293,61
1294,61
1296,61
1297,61
1298,61
1299,61
1300,61
1302,61
1303,61
1304,61
1305,61
1306,61
1307,61
1308,61
1309,61
1310,61
1311,61
1313,61
1314,61
1316,61
1317,61
1319,61
1320,61
1329,61
1330,61
1331,61
1333,61
1349,61
1351,61
1352,61
1353,61
1355,61
1356,61
1357,61
1358,61
1359,61
1360,61
1364,61
1367,61
1369,61
1370,61
1373,61
1374,61
1375,61
1376,61
1379,61
1381,61
1382,61
1383,61
1384,61
1387,61
1389,61
1391,61
1392,61
1393,61
1394,61
1397,61
1399,61
1401,61
1402,61
1403,61
1405,61
1407,61
1410,61
1411,61
1412,61
1413,61
1456,61
1459,61
1462,61
1467,61
1473,61
1477,61
1482,61
1491,61
1495,61
1503,61
1504,61
1510,61
1521,61
1523,61
1535,61
1546,61
1552,61
1554,61
1560,61
1563,61
1566,61
1568,61
1570,61
75,62
82,62
84,62
87,62
94,62
95,62
96,62
97,62
102,62
105,62
115,62
119,62
122,62
128,62
131,62
134,62
135,62
136,62
138,62
140,62
141,62
143,62
146,62
147,62
148,62
154,62
165,62
167,62
171,62
174,62
176,62
179,62
181,62
182,62
183,62
187,62
188,62
189,62
190,62
191,62
192,62
193,62
211,62
215,62
216,62
218,62
219,62
220,62
221,62
224,62
236,62
237,62
325,62
334,62
362,62
389,62
406,62
407,62
408,62
682,62
683,62
711,62
734,62
736,62
787,62
788,62
804,62
856,62
937,62
967,62
1074,62
1116,62
1184,62
1185,62
1445,62
1456,62
1481,62
1535,62
1593,62
461,63
472,63
473,63
477,63
482,63
483,63
486,63
487,63
495,63
497,63
498,63
502,63
504,63
506,63
509,63
510,63
513,63
515,63
518,63
520,63
521,63
525,63
526,63
1128,64
1129,64
1212,64
531,65
544,65
552,65
561,65
588,65
594,65
597,65
631,65
644,65
645,65
675,65
769,65
724,66
734,66
1094,67
1129,67
75,68
76,68
127,68
135,68
163,68
164,68
177,68
179,68
183,68
185,68
190,68
195,68
217,68
223,68
228,68
233,68
326,68
333,68
389,68
627,68
633,68
639,68
649,68
650,68
662,68
663,68
670,68
672,68
673,68
674,68
676,68
677,68
678,68
679,68
686,68
689,68
691,68
693,68
698,68
699,68
703,68
704,68
710,68
712,68
717,68
718,68
719,68
726,68
731,68
735,68
738,68
739,68
743,68
753,68
770,68
780,68
790,68
791,68
1413,68
1535,68
1570,68
1572,68
1573,68
1574,68
1575,68
1576,68
1577,68
1578,68
1582,68
1585,68
1589,68
1591,68
1594,68
1595,68
1598,68
1599,68
1600,68
1602,68
1604,68
1607,68
1609,68
1611,68
1612,68
1613,68
1614,68
1618,68
1619,68
1623,68
1626,68
1628,68
1630,68
1632,68
1634,68
1636,68
1637,68
1638,68
1642,68
1644,68
1651,68
1656,68
1657,68
1659,68
1660,68
1663,68
1665,68
16,69
17,69
18,69
64,69
75,69
76,69
91,69
92,69
93,69
94,69
95,69
96,69
97,69
98,69
100,69
105,69
117,69
126,69
127,69
131,69
132,69
134,69
135,69
137,69
140,69
141,69
143,69
145,69
149,69
152,69
165,69
167,69
172,69
176,69
179,69
181,69
183,69
192,69
203,69
205,69
214,69
216,69
218,69
219,69
220,69
221,69
223,69
236,69
239,69
242,69
243,69
249,69
260,69
261,69
262,69
267,69
272,69
273,69
274,69
275,69
277,69
278,69
281,69
287,69
289,69
292,69
296,69
297,69
298,69
299,69
300,69
304,69
305,69
307,69
313,69
317,69
319,69
320,69
325,69
333,69
337,69
339,69
341,69
349,69
353,69
354,69
358,69
359,69
361,69
365,69
366,69
367,69
373,69
374,69
375,69
377,69
380,69
382,69
385,69
386,69
389,69
390,69
392,69
395,69
397,69
403,69
406,69
410,69
411,69
412,69
414,69
415,69
417,69
418,69
419,69
421,69
422,69
426,69
427,69
429,69
432,69
433,69
435,69
436,69
438,69
439,69
440,69
443,69
445,69
447,69
448,69
460,69
464,69
467,69
469,69
470,69
471,69
472,69
473,69
475,69
476,69
477,69
478,69
479,69
480,69
482,69
483,69
486,69
487,69
491,69
493,69
495,69
496,69
497,69
498,69
500,69
504,69
506,69
507,69
508,69
510,69
511,69
513,69
520,69
521,69
522,69
523,69
524,69
525,69
526,69
549,69
559,69
565,69
568,69
570,69
589,69
591,69
593,69
595,69
598,69
599,69
601,69
617,69
627,69
628,69
629,69
632,69
633,69
634,69
635,69
637,69
638,69
639,69
643,69
649,69
651,69
652,69
653,69
657,69
659,69
660,69
661,69
662,69
663,69
665,69
666,69
670,69
672,69
673,69
676,69
678,69
679,69
682,69
683,69
685,69
686,69
690,69
692,69
693,69
694,69
696,69
698,69
699,69
700,69
701,69
703,69
704,69
710,69
739,69
746,69
748,69
750,69
751,69
755,69
756,69
760,69
761,69
763,69
764,69
765,69
766,69
770,69
771,69
772,69
773,69
774,69
776,69
777,69
781,69
784,69
785,69
786,69
788,69
789,69
790,69
792,69
795,69
796,69
797,69
799,69
800,69
801,69
802,69
803,69
804,69
806,69
818,69
819,69
823,69
824,69
825,69
826,69
827,69
828,69
829,69
830,69
832,69
833,69
834,69
835,69
837,69
838,69
842,69
844,69
845,69
846,69
851,69
852,69
853,69
855,69
856,69
858,69
859,69
860,69
862,69
866,69
867,69
871,69
872,69
875,69
878,69
882,69
883,69
886,69
890,69
891,69
893,69
894,69
895,69
898,69
899,69
902,69
904,69
909,69
911,69
912,69
916,69
917,69
919,69
920,69
921,69
923,69
924,69
925,69
927,69
928,69
931,69
934,69
935,69
938,69
940,69
943,69
944,69
945,69
947,69
948,69
951,69
952,69
954,69
955,69
956,69
963,69
965,69
966,69
968,69
970,69
972,69
973,69
974,69
976,69
977,69
979,69
980,69
982,69
983,69
984,69
985,69
986,69
987,69
988,69
992,69
995,69
998,69
999,69
1000,69
1001,69
1004,69
1005,69
1006,69
1007,69
1008,69
1011,69
1012,69
1013,69
1014,69
1015,69
1016,69
1017,69
1018,69
1019,69
1020,69
1022,69
1023,69
1024,69
1025,69
1026,69
1027,69
1029,69
1030,69
1031,69
1032,69
1035,69
1036,69
1037,69
1038,69
1041,69
1043,69
1044,69
1046,69
1047,69
1049,69
1050,69
1052,69
1053,69
1055,69
1057,69
1060,69
1061,69
1062,69
1064,69
1065,69
1066,69
1067,69
1068,69
1069,69
1074,69
1075,69
1077,69
1078,69
1081,69
1082,69
1084,69
1085,69
1086,69
1087,69
1089,69
1092,69
1096,69
1101,69
1102,69
1104,69
1105,69
1106,69
1107,69
1108,69
1109,69
1112,69
1113,69
1114,69
1116,69
1117,69
1118,69
1119,69
1121,69
1123,69
1124,69
1125,69
1126,69
1127,69
1128,69
1129,69
1131,69
1132,69
1133,69
1134,69
1135,69
1137,69
1138,69
1140,69
1144,69
1145,69
1146,69
1148,69
1149,69
1150,69
1153,69
1160,69
1163,69
1164,69
1166,69
1168,69
1169,69
1170,69
1173,69
1175,69
1177,69
1179,69
1180,69
1181,69
1182,69
1184,69
1185,69
1189,69
1190,69
1193,69
1195,69
1196,69
1198,69
1199,69
1202,69
1205,69
1206,69
1208,69
1209,69
1210,69
1212,69
1213,69
1214,69
1215,69
1216,69
1217,69
1223,69
1225,69
1226,69
1227,69
1228,69
1229,69
1231,69
1233,69
1234,69
1235,69
1236,69
1237,69
1238,69
1239,69
1242,69
1243,69
1247,69
1249,69
1251,69
1253,69
1254,69
1258,69
1264,69
1266,69
1268,69
1269,69
1271,69
1275,69
1277,69
1280,69
1281,69
1286,69
1290,69
1291,69
1292,69
1293,69
1294,69
1296,69
1297,69
1298,69
1299,69
1300,69
1302,69
1303,69
1304,69
1305,69
1306,69
1307,69
1308,69
1309,69
1310,69
1312,69
1313,69
1314,69
1315,69
1316,69
1317,69
1319,69
1320,69
1321,69
1322,69
1323,69
1324,69
1325,69
1326,69
1329,69
1330,69
1331,69
1332,69
1333,69
1337,69
1338,69
1342,69
1343,69
1344,69
1346,69
1347,69
1348,69
1349,69
1350,69
1351,69
1352,69
1353,69
1354,69
1355,69
1356,69
1357,69
1358,69
1362,69
1363,69
1364,69
1365,69
1366,69
1367,69
1368,69
1370,69
1371,69
1372,69
1373,69
1374,69
1375,69
1376,69
1377,69
1379,69
1380,69
1382,69
1383,69
1384,69
1387,69
1389,69
1390,69
1391,69
1393,69
1397,69
1399,69
1401,69
1402,69
1403,69
1404,69
1407,69
1409,69
1410,69
1411,69
1412,69
1413,69
1421,69
1434,69
1439,69
1440,69
1441,69
1445,69
1453,69
1454,69
1456,69
1457,69
1462,69
1463,69
1467,69
1468,69
1471,69
1475,69
1477,69
1479,69
1482,69
1489,69
1491,69
1495,69
1496,69
1502,69
1503,69
1510,69
1511,69
1512,69
1513,69
1517,69
1520,69
1521,69
1522,69
1526,69
1530,69
1531,69
1532,69
1535,69
1536,69
1542,69
1543,69
1546,69
1550,69
1554,69
1557,69
1563,69
1565,69
1568,69
1570,69
1573,69
1578,69
1590,69
1591,69
1631,69
1638,69
8,70
20,70
23,70
34,70
36,70
39,70
58,70
70,70
74,70
75,70
82,70
84,70
87,70
98,70
116,70
122,70
134,70
136,70
138,70
141,70
146,70
149,70
156,70
171,70
174,70
178,70
179,70
189,70
190,70
192,70
193,70
210,70
215,70
223,70
224,70
239,70
243,70
246,70
247,70
249,70
267,70
275,70
276,70
277,70
284,70
285,70
296,70
297,70
299,70
300,70
302,70
305,70
307,70
308,70
313,70
314,70
315,70
316,70
320,70
321,70
325,70
332,70
337,70
341,70
342,70
348,70
350,70
358,70
359,70
360,70
362,70
374,70
375,70
380,70
381,70
386,70
389,70
390,70
394,70
397,70
402,70
403,70
406,70
407,70
408,70
409,70
417,70
419,70
422,70
424,70
425,70
427,70
430,70
431,70
433,70
434,70
436,70
438,70
439,70
443,70
445,70
446,70
449,70
450,70
452,70
453,70
454,70
456,70
458,70
460,70
462,70
463,70
470,70
471,70
473,70
474,70
475,70
476,70
477,70
478,70
480,70
482,70
483,70
485,70
486,70
487,70
491,70
493,70
494,70
495,70
497,70
499,70
500,70
502,70
504,70
506,70
508,70
509,70
510,70
518,70
522,70
523,70
524,70
525,70
526,70
629,70
678,70
682,70
683,70
685,70
693,70
694,70
704,70
728,70
740,70
748,70
764,70
766,70
775,70
788,70
791,70
795,70
799,70
800,70
801,70
804,70
808,70
820,70
824,70
826,70
827,70
829,70
830,70
831,70
834,70
836,70
846,70
856,70
859,70
860,70
867,70
871,70
872,70
887,70
899,70
900,70
907,70
912,70
919,70
928,70
931,70
936,70
937,70
938,70
949,70
955,70
967,70
977,70
979,70
992,70
993,70
995,70
999,70
1001,70
1002,70
1008,70
1010,70
1018,70
1032,70
1038,70
1046,70
1055,70
1067,70
1074,70
1076,70
1084,70
1087,70
1089,70
1096,70
1103,70
1106,70
1113,70
1115,70
1116,70
1118,70
1119,70
1131,70
1144,70
1147,70
1153,70
1163,70
1172,70
1180,70
1181,70
1184,70
1185,70
1188,70
1192,70
1209,70
1212,70
1213,70
1214,70
1216,70
1222,70
1230,70
1234,70
1237,70
1243,70
1251,70
1262,70
1278,70
1281,70
1284,70
1291,70
1295,70
1302,70
1303,70
1311,70
1312,70
1313,70
1314,70
1320,70
1337,70
1338,70
1343,70
1348,70
1353,70
1355,70
1356,70
1358,70
1367,70
1375,70
1376,70
1386,70
1389,70
1401,70
1402,70
1404,70
1408,70
1413,70
1425,70
1430,70
1432,70
1434,70
1453,70
1456,70
1459,70
1461,70
1462,70
1464,70
1467,70
1471,70
1472,70
1473,70
1474,70
1477,70
1479,70
1481,70
1482,70
1484,70
1487,70
1491,70
1492,70
1495,70
1503,70
1504,70
1506,70
1511,70
1512,70
1513,70
1515,70
1519,70
1523,70
1525,70
1530,70
1535,70
1536,70
1542,70
1543,70
1550,70
1551,70
1552,70
1554,70
1560,70
1563,70
1568,70
1596,70
1628,70
1630,70
1635,70
1655,70
1658,70
737,71
769,71
239,72
243,72
255,72
273,72
281,72
316,72
364,72
376,72
389,72
399,72
406,72
407,72
408,72
412,72
527,72
533,72
535,72
536,72
538,72
539,72
541,72
542,72
543,72
544,72
545,72
546,72
551,72
553,72
555,72
557,72
560,72
561,72
563,72
567,72
571,72
574,72
576,72
581,72
584,72
585,72
594,72
608,72
609,72
610,72
611,72
612,72
613,72
615,72
616,72
618,72
619,72
622,72
624,72
625,72
636,72
649,72
651,72
663,72
666,72
669,72
671,72
676,72
682,72
683,72
684,72
685,72
687,72
688,72
693,72
695,72
696,72
697,72
699,72
704,72
705,72
711,72
713,72
716,72
730,72
746,72
748,72
749,72
752,72
753,72
754,72
755,72
756,72
757,72
764,72
765,72
766,72
767,72
770,72
775,72
781,72
782,72
786,72
787,72
792,72
804,72
810,72
811,72
812,72
815,72
817,72
826,72
827,72
841,72
850,72
856,72
879,72
888,72
922,72
937,72
957,72
960,72
961,72
962,72
999,72
1008,72
1031,72
1038,72
1047,72
1048,72
1058,72
1087,72
1097,72
1106,72
1116,72
1118,72
1119,72
1128,72
1129,72
1134,72
1184,72
1210,72
1211,72
1212,72
1213,72
1221,72
1227,72
1230,72
1243,72
1245,72
1281,72
1284,72
1286,72
1287,72
1291,72
1296,72
1302,72
1308,72
1311,72
1341,72
1383,72
1384,72
1401,72
1413,72
1420,72
1435,72
1443,72
1452,72
1470,72
1473,72
1481,72
1484,72
1491,72
1499,72
1519,72
1521,72
1535,72
1546,72
1566,72
1570,72
5,73
7,73
14,73
39,73
63,73
65,73
101,73
102,73
137,73
141,73
143,73
149,73
167,73
176,73
179,73
200,73
236,73
253,73
269,73
290,73
309,73
325,73
335,73
341,73
342,73
375,73
389,73
406,73
521,73
680,73
707,73
820,73
829,73
830,73
1096,73
1128,73
1212,73
1377,73
1392,73
1416,73
1430,73
1432,73
1464,73
1474,73
1492,73
1498,73
1503,73
1504,73
1551,73
1621,73
1664,73
1,74
2,74
13,74
19,74
20,74
22,74
23,74
29,74
30,74
31,74
34,74
36,74
38,74
39,74
40,74
41,74
48,74
52,74
54,74
55,74
60,74
61,74
66,74
70,74
73,74
74,74
239,74
245,74
247,74
250,74
252,74
254,74
258,74
262,74
265,74
268,74
269,74
270,74
271,74
274,74
275,74
276,74
277,74
278,74
279,74
281,74
282,74
284,74
289,74
291,74
292,74
294,74
296,74
297,74
300,74
301,74
302,74
303,74
306,74
307,74
309,74
311,74
313,74
316,74
317,74
319,74
320,74
323,74
324,74
325,74
331,74
332,74
334,74
335,74
336,74
337,74
342,74
345,74
346,74
347,74
348,74
353,74
358,74
360,74
361,74
362,74
365,74
366,74
367,74
372,74
373,74
374,74
375,74
376,74
377,74
379,74
380,74
381,74
383,74
386,74
387,74
388,74
389,74
390,74
391,74
392,74
394,74
395,74
396,74
397,74
398,74
399,74
401,74
404,74
405,74
406,74
410,74
411,74
414,74
415,74
416,74
417,74
418,74
419,74
421,74
422,74
423,74
424,74
425,74
426,74
427,74
428,74
430,74
431,74
432,74
433,74
434,74
435,74
436,74
445,74
460,74
470,74
471,74
472,74
473,74
474,74
475,74
476,74
477,74
478,74
479,74
482,74
483,74
485,74
486,74
487,74
489,74
491,74
493,74
494,74
495,74
496,74
497,74
498,74
499,74
500,74
502,74
504,74
506,74
509,74
510,74
511,74
513,74
516,74
517,74
518,74
520,74
523,74
524,74
525,74
526,74
792,74
795,74
796,74
798,74
799,74
800,74
801,74
802,74
803,74
804,74
813,74
817,74
820,74
823,74
824,74
825,74
826,74
827,74
828,74
829,74
830,74
831,74
832,74
833,74
834,74
835,74
836,74
837,74
838,74
839,74
845,74
851,74
852,74
853,74
856,74
858,74
860,74
862,74
863,74
867,74
871,74
872,74
875,74
882,74
883,74
885,74
886,74
887,74
889,74
890,74
895,74
899,74
900,74
919,74
923,74
924,74
925,74
927,74
928,74
931,74
934,74
935,74
937,74
939,74
943,74
948,74
951,74
954,74
955,74
958,74
966,74
967,74
970,74
974,74
977,74
978,74
979,74
982,74
987,74
988,74
992,74
993,74
997,74
998,74
999,74
1000,74
1001,74
1003,74
1004,74
1005,74
1007,74
1010,74
1011,74
1012,74
1015,74
1016,74
1017,74
1018,74
1019,74
1020,74
1021,74
1023,74
1024,74
1025,74
1026,74
1027,74
1029,74
1030,74
1031,74
1032,74
1033,74
1035,74
1036,74
1037,74
1039,74
1041,74
1042,74
1044,74
1046,74
1047,74
1049,74
1050,74
1055,74
1062,74
1065,74
1066,74
1068,74
1069,74
1074,74
1076,74
1079,74
1082,74
1084,74
1085,74
1087,74
1088,74
1090,74
1092,74
1096,74
1101,74
1103,74
1106,74
1114,74
1116,74
1119,74
1120,74
1121,74
1124,74
1126,74
1127,74
1132,74
1137,74
1144,74
1150,74
1151,74
1152,74
1153,74
1160,74
1164,74
1166,74
1168,74
1169,74
1170,74
1172,74
1173,74
1180,74
1181,74
1182,74
1184,74
1185,74
1189,74
1209,74
1210,74
1212,74
1213,74
1215,74
1217,74
1221,74
1222,74
1223,74
1224,74
1228,74
1230,74
1238,74
1239,74
1241,74
1242,74
1243,74
1256,74
1258,74
1264,74
1269,74
1274,74
1277,74
1281,74
1284,74
1287,74
1295,74
1296,74
1302,74
1307,74
1309,74
1311,74
1312,74
1317,74
1322,74
1326,74
1330,74
1331,74
1333,74
1334,74
1337,74
1338,74
1339,74
1340,74
1341,74
1344,74
1353,74
1354,74
1359,74
1360,74
1361,74
1362,74
1364,74
1365,74
1366,74
1367,74
1368,74
1369,74
1383,74
1385,74
1386,74
1390,74
1391,74
1392,74
1398,74
1399,74
1400,74
1401,74
1402,74
1409,74
1420,74
1434,74
1443,74
1445,74
1452,74
1453,74
1459,74
1460,74
1461,74
1462,74
1467,74
1468,74
1470,74
1471,74
1473,74
1477,74
1479,74
1481,74
1482,74
1483,74
1484,74
1487,74
1491,74
1495,74
1496,74
1499,74
1501,74
1503,74
1504,74
1506,74
1510,74
1513,74
1515,74
1519,74
1521,74
1522,74
1523,74
1526,74
1529,74
1530,74
1543,74
1546,74
1550,74
1551,74
1552,74
1554,74
1555,74
1556,74
1558,74
1559,74
1560,74
1563,74
1564,74
1566,74
1568,74
1571,74
6,75
40,75
41,75
58,75
65,75
94,75
134,75
166,75
182,75
270,75
342,75
417,75
1118,75
1212,75
1416,75
1417,75
1418,75
1424,75
1430,75
1432,75
1446,75
1449,75
1464,75
1465,75
1466,75
1472,75
1474,75
1486,75
1498,75
1514,75
1525,75
1538,75
1561,75
78,76
95,76
159,76
160,76
208,76
1414,76
1427,76
1505,76
1508,76
59,77
63,77
65,77
66,77
101,77
142,77
196,77
201,77
337,77
423,77
995,77
1019,77
1020,77
1023,77
1028,77
1043,77
1046,77
1089,77
1128,77
1430,77
1468,77
1526,77
1551,77
288,78
341,78
375,78
445,78
460,78
633,78
768,78
795,78
800,78
842,78
891,78
996,78
1118,78
1128,78
1147,78
1182,78
1212,78
1285,78
1387,78
71,79
243,79
389,79
633,79
669,79
683,79
695,79
696,79
746,79
767,79
786,79
792,79
804,79
810,79
811,79
815,79
817,79
841,79
864,79
868,79
869,79
879,79
888,79
892,79
896,79
922,79
930,79
933,79
953,79
957,79
959,79
960,79
961,79
966,79
977,79
994,79
1008,79
1031,79
1048,79
1058,79
1059,79
1073,79
1080,79
1083,79
1097,79
1118,79
1141,79
1163,79
1186,79
1211,79
1213,79
1227,79
1236,79
1245,79
1250,79
1260,79
1265,79
1270,79
1279,79
1288,79
1296,79
1402,79
1413,79
1456,79
1535,79
1570,79
1579,79
1581,79
1584,79
1606,79
1622,79
1629,79
1639,79
1653,79
1661,79
30,80
34,80
39,80
48,80
61,80
66,80
101,80
250,80
258,80
260,80
262,80
274,80
275,80
276,80
277,80
278,80
286,80
289,80
290,80
291,80
292,80
296,80
297,80
300,80
302,80
303,80
305,80
307,80
313,80
315,80
317,80
319,80
321,80
329,80
334,80
336,80
337,80
342,80
345,80
353,80
354,80
360,80
361,80
373,80
380,80
381,80
383,80
386,80
389,80
390,80
392,80
394,80
395,80
397,80
398,80
399,80
401,80
410,80
411,80
414,80
418,80
419,80
421,80
423,80
424,80
425,80
427,80
428,80
429,80
431,80
432,80
434,80
435,80
436,80
472,80
473,80
477,80
479,80
480,80
485,80
486,80
487,80
492,80
493,80
494,80
495,80
496,80
498,80
499,80
500,80
502,80
510,80
511,80
513,80
516,80
517,80
518,80
522,80
523,80
524,80
797,80
799,80
801,80
802,80
803,80
818,80
820,80
827,80
828,80
829,80
830,80
833,80
834,80
837,80
838,80
839,80
845,80
853,80
856,80
858,80
860,80
862,80
863,80
867,80
875,80
883,80
885,80
886,80
889,80
890,80
894,80
895,80
900,80
904,80
923,80
924,80
925,80
927,80
931,80
934,80
935,80
939,80
951,80
954,80
964,80
974,80
979,80
982,80
987,80
992,80
993,80
995,80
997,80
998,80
999,80
1001,80
1003,80
1004,80
1005,80
1006,80
1007,80
1009,80
1010,80
1011,80
1012,80
1013,80
1014,80
1015,80
1016,80
1017,80
1018,80
1019,80
1020,80
1021,80
1022,80
1023,80
1024,80
1025,80
1026,80
1027,80
1028,80
1029,80
1030,80
1031,80
1034,80
1035,80
1037,80
1039,80
1041,80
1044,80
1045,80
1046,80
1062,80
1065,80
1066,80
1068,80
1074,80
1075,80
1084,80
1089,80
1090,80
1092,80
1103,80
1114,80
1116,80
1119,80
1121,80
1124,80
1127,80
1132,80
1137,80
1150,80
1153,80
1160,80
1166,80
1168,80
1170,80
1172,80
1173,80
1175,80
1177,80
1182,80
1189,80
1194,80
1212,80
1213,80
1215,80
1217,80
1222,80
1224,80
1227,80
1234,80
1242,80
1259,80
1264,80
1269,80
1274,80
1275,80
1289,80
1295,80
1302,80
1309,80
1311,80
1312,80
1330,80
1335,80
1340,80
1365,80
1385,80
1386,80
1390,80
1399,80
1400,80
1402,80
1409,80
1434,80
1453,80
1459,80
1462,80
1468,80
1471,80
1473,80
1477,80
1479,80
1484,80
1496,80
1501,80
1513,80
1515,80
1519,80
1521,80
1522,80
1523,80
1526,80
1550,80
1552,80
1560,80
1563,80
1566,80
1568,80
1571,80
713,81
7,82
9,82
18,82
46,82
47,82
63,82
71,82
75,82
76,82
90,82
91,82
92,82
93,82
94,82
113,82
115,82
117,82
126,82
127,82
131,82
132,82
138,82
141,82
149,82
152,82
153,82
167,82
172,82
179,82
186,82
190,82
200,82
203,82
205,82
210,82
214,82
219,82
221,82
325,82
375,82
426,82
526,82
573,82
630,82
636,82
693,82
699,82
707,82
721,82
759,82
793,82
795,82
798,82
799,82
801,82
809,82
816,82
820,82
842,82
843,82
846,82
857,82
860,82
861,82
866,82
867,82
880,82
891,82
893,82
899,82
902,82
919,82
920,82
924,82
948,82
949,82
956,82
972,82
975,82
977,82
978,82
980,82
985,82
986,82
996,82
1049,82
1050,82
1057,82
1068,82
1081,82
1091,82
1099,82
1117,82
1118,82
1123,82
1124,82
1128,82
1130,82
1131,82
1138,82
1156,82
1159,82
1162,82
1163,82
1169,82
1182,82
1193,82
1198,82
1199,82
1202,82
1205,82
1209,82
1214,82
1216,82
1225,82
1231,82
1236,82
1247,82
1251,82
1257,82
1258,82
1267,82
1272,82
1284,82
1302,82
1372,82
1390,82
1399,82
1430,82
1579,82
1580,82
1610,82
1616,82
192,83
290,83
320,83
321,83
332,83
334,83
335,83
340,83
341,83
415,83
418,83
425,83
431,83
724,83
846,83
847,83
1116,83
1185,83
1290,83
1297,83
1312,83
1321,83
1337,83
1338,83
1342,83
1354,83
1362,83
1365,83
1366,83
1367,83
1384,83
1401,83
1406,83
1445,83
1461,83
1471,83
1482,83
1522,83
1523,83
1552,83
1554,83
1560,83
1568,83
1571,83
